id,source,image_path,question,answer,chart_type,task_type,difficulty,verified,split,notes
syn_bar_0001__q3,synthetic,gold/images/syn_bar_0001.png,How much more revenue did Consumer generate than Education?,$2400,bar,delta_absolute,medium,true,train,annotated bars; correct-by-construction
syn_bar_0001__q4,synthetic,gold/images/syn_bar_0001.png,Rank the top 3 segments by revenue.,"Enterprise, Consumer, SMB",bar,rank_order,medium,true,train,annotated bars; correct-by-construction
syn_bar_0001__q5,synthetic,gold/images/syn_bar_0001.png,Would Consumer and SMB combined exceed Enterprise's revenue?,No,bar,hard_multi_step,hard,true,train,annotated bars; correct-by-construction
syn_bar_0002__q2,synthetic,gold/images/syn_bar_0002.png,Which product line made the least revenue?,Basic,bar,max_min,easy,true,train,annotated bars; correct-by-construction
syn_bar_0002__q3,synthetic,gold/images/syn_bar_0002.png,What was the revenue difference between Ultimate and Standard?,$1300,bar,delta_absolute,medium,true,train,annotated bars; correct-by-construction
syn_bar_0003__q3,synthetic,gold/images/syn_bar_0003.png,By how much does NA's revenue exceed APAC's?,$800,bar,delta_absolute,medium,true,train,annotated bars; correct-by-construction
syn_bar_0003__q4,synthetic,gold/images/syn_bar_0003.png,Name the bottom 3 regions in revenue.,"MEA, LATAM, APAC",bar,rank_order,medium,true,train,annotated bars; correct-by-construction
syn_bar_0004__q2,synthetic,gold/images/syn_bar_0004.png,Which vertical had the lowest revenue?,Healthcare,bar,max_min,easy,true,train,annotated bars; correct-by-construction
syn_bar_0005__q2,synthetic,gold/images/syn_bar_0005.png,Which product sold the most units?,Widget D,bar,max_min,easy,true,train,annotated bars; correct-by-construction
syn_bar_0005__q3,synthetic,gold/images/syn_bar_0005.png,How many more units did Widget B sell than Widget A?,2200,bar,delta_absolute,medium,true,train,annotated bars; correct-by-construction
syn_bar_0005__q4,synthetic,gold/images/syn_bar_0005.png,Rank the top 3 products by units sold.,"Widget D, Widget B, Widget C",bar,rank_order,medium,true,train,annotated bars; correct-by-construction
syn_bar_0006__q1,synthetic,gold/images/syn_bar_0006.png,Units sold by SKU-102?,720,bar,lookup_value,easy,true,train,annotated bars; correct-by-construction
syn_bar_0006__q3,synthetic,gold/images/syn_bar_0006.png,What was the unit sales difference between SKU-105 and SKU-102?,530,bar,delta_absolute,medium,true,train,annotated bars; correct-by-construction
syn_bar_0100__q3,synthetic,gold/images/syn_bar_0100.png,What was the revenue difference between Automotive and Healthcare?,$5100,bar,delta_absolute,medium,true,train,"annotated bars; procedural gen (seed=42, idx=0)"
syn_bar_0101__q3,synthetic,gold/images/syn_bar_0101.png,By how much does Reseller's revenue exceed Retail's?,$3400,bar,delta_absolute,medium,true,train,"annotated bars; procedural gen (seed=42, idx=1)"
syn_bar_0102__q2,synthetic,gold/images/syn_bar_0102.png,Which segment had the highest revenue?,Government,bar,max_min,easy,true,train,"annotated bars; procedural gen (seed=42, idx=2)"
syn_bar_0102__q3,synthetic,gold/images/syn_bar_0102.png,How much more revenue did Government generate than Education?,$8500,bar,delta_absolute,medium,true,train,"annotated bars; procedural gen (seed=42, idx=2)"
syn_bar_0102__q4,synthetic,gold/images/syn_bar_0102.png,Rank the bottom 3 segments by revenue.,"Education, Enterprise, Startup",bar,rank_order,medium,true,train,"annotated bars; procedural gen (seed=42, idx=2)"
syn_bar_0103__q1,synthetic,gold/images/syn_bar_0103.png,Revenue for Beta?,$7300,bar,lookup_value,easy,true,train,"annotated bars; procedural gen (seed=42, idx=3)"
syn_bar_0103__q3,synthetic,gold/images/syn_bar_0103.png,What was the revenue difference between Zeta and Theta?,$5100,bar,delta_absolute,medium,true,train,"annotated bars; procedural gen (seed=42, idx=3)"
syn_bar_0104__q3,synthetic,gold/images/syn_bar_0104.png,By how many units does Widget D exceed Widget C?,500,bar,delta_absolute,medium,true,train,"annotated bars; procedural gen (seed=42, idx=4)"
syn_bar_0104__q4,synthetic,gold/images/syn_bar_0104.png,Name the top 3 products in units sold.,"Widget D, Widget C, Widget A",bar,rank_order,medium,true,train,"annotated bars; procedural gen (seed=42, idx=4)"
syn_bar_0105__q2,synthetic,gold/images/syn_bar_0105.png,Which SKU sold the fewest units?,SKU-207,bar,max_min,easy,true,train,"annotated bars; procedural gen (seed=42, idx=5)"
syn_bar_0105__q3,synthetic,gold/images/syn_bar_0105.png,How many more units did SKU-208 sell than SKU-207?,1300,bar,delta_absolute,medium,true,train,"annotated bars; procedural gen (seed=42, idx=5)"
syn_bar_0106__q3,synthetic,gold/images/syn_bar_0106.png,By how much does Finance's revenue exceed Media's?,$1300,bar,delta_absolute,medium,true,train,"annotated bars; procedural gen (seed=42, idx=6)"
syn_bar_0107__q1,synthetic,gold/images/syn_bar_0107.png,What was Reseller's revenue?,$14300,bar,lookup_value,easy,true,train,"annotated bars; procedural gen (seed=42, idx=7)"
syn_bar_0107__q3,synthetic,gold/images/syn_bar_0107.png,How much more revenue did Direct generate than Online?,$5400,bar,delta_absolute,medium,true,train,"annotated bars; procedural gen (seed=42, idx=7)"
syn_bar_0108__q1,synthetic,gold/images/syn_bar_0108.png,Revenue for SMB?,$6100,bar,lookup_value,easy,true,train,"annotated bars; procedural gen (seed=42, idx=8)"
syn_bar_0108__q2,synthetic,gold/images/syn_bar_0108.png,Which segment made the most revenue?,Government,bar,max_min,easy,true,train,"annotated bars; procedural gen (seed=42, idx=8)"
syn_bar_0108__q3,synthetic,gold/images/syn_bar_0108.png,What was the revenue difference between Nonprofit and SMB?,$2200,bar,delta_absolute,medium,true,train,"annotated bars; procedural gen (seed=42, idx=8)"
syn_bar_0108__q4,synthetic,gold/images/syn_bar_0108.png,List the top 3 segments by revenue.,"Government, Nonprofit, Mid-Market",bar,rank_order,medium,true,train,"annotated bars; procedural gen (seed=42, idx=8)"
syn_bar_0110__q3,synthetic,gold/images/syn_bar_0110.png,What was the unit sales difference between Widget C and Gizmo X?,2000,bar,delta_absolute,medium,true,train,"annotated bars; procedural gen (seed=42, idx=10)"
syn_bar_0110__q4,synthetic,gold/images/syn_bar_0110.png,List the bottom 3 products by units sold.,"Gizmo X, Widget D, Widget C",bar,rank_order,medium,true,train,"annotated bars; procedural gen (seed=42, idx=10)"
syn_bar_0111__q3,synthetic,gold/images/syn_bar_0111.png,By how many units does SKU-202 exceed SKU-207?,200,bar,delta_absolute,medium,true,train,"annotated bars; procedural gen (seed=42, idx=11)"
syn_bar_0112__q3,synthetic,gold/images/syn_bar_0112.png,How much more revenue did Energy generate than Healthcare?,$7300,bar,delta_absolute,medium,true,train,"annotated bars; procedural gen (seed=42, idx=12)"
syn_bar_0112__q5,synthetic,gold/images/syn_bar_0112.png,Would Manufacturing and Healthcare combined exceed Automotive's revenue?,Yes,bar,hard_multi_step,hard,true,train,"annotated bars; procedural gen (seed=42, idx=12)"
syn_bar_0113__q2,synthetic,gold/images/syn_bar_0113.png,Which channel made the least revenue?,Wholesale,bar,max_min,easy,true,train,"annotated bars; procedural gen (seed=42, idx=13)"
syn_bar_0113__q3,synthetic,gold/images/syn_bar_0113.png,What was the revenue difference between Retail and Partner?,$6400,bar,delta_absolute,medium,true,train,"annotated bars; procedural gen (seed=42, idx=13)"
syn_bar_0114__q3,synthetic,gold/images/syn_bar_0114.png,By how much does Consumer's revenue exceed Mid-Market's?,$300,bar,delta_absolute,medium,true,train,"annotated bars; procedural gen (seed=42, idx=14)"
syn_bar_0114__q4,synthetic,gold/images/syn_bar_0114.png,Name the bottom 3 segments in revenue.,"SMB, Enterprise, Mid-Market",bar,rank_order,medium,true,train,"annotated bars; procedural gen (seed=42, idx=14)"
syn_bar_0115__q3,synthetic,gold/images/syn_bar_0115.png,How much more revenue did Zeta generate than Gamma?,$4600,bar,delta_absolute,medium,true,train,"annotated bars; procedural gen (seed=42, idx=15)"
syn_bar_0115__q5,synthetic,gold/images/syn_bar_0115.png,Would Omega and Zeta combined exceed Theta's revenue?,Yes,bar,hard_multi_step,hard,true,train,"annotated bars; procedural gen (seed=42, idx=15)"
syn_bar_0116__q2,synthetic,gold/images/syn_bar_0116.png,Which product sold the most units?,Widget D,bar,max_min,easy,true,train,"annotated bars; procedural gen (seed=42, idx=16)"
syn_bar_0116__q3,synthetic,gold/images/syn_bar_0116.png,How many more units did Widget C sell than Widget A?,900,bar,delta_absolute,medium,true,train,"annotated bars; procedural gen (seed=42, idx=16)"
syn_bar_0117__q3,synthetic,gold/images/syn_bar_0117.png,What was the unit sales difference between SKU-204 and SKU-208?,1600,bar,delta_absolute,medium,true,train,"annotated bars; procedural gen (seed=42, idx=17)"
syn_bar_0118__q3,synthetic,gold/images/syn_bar_0118.png,What was the revenue difference between Media and Finance?,$500,bar,delta_absolute,medium,true,train,"annotated bars; procedural gen (seed=42, idx=18)"
syn_bar_0118__q4,synthetic,gold/images/syn_bar_0118.png,List the bottom 3 verticals by revenue.,"Healthcare, Retail, Finance",bar,rank_order,medium,true,train,"annotated bars; procedural gen (seed=42, idx=18)"
syn_bar_0119__q1,synthetic,gold/images/syn_bar_0119.png,How much revenue did Wholesale generate?,$13200,bar,lookup_value,easy,true,train,"annotated bars; procedural gen (seed=42, idx=19)"
syn_bar_0119__q3,synthetic,gold/images/syn_bar_0119.png,By how much does Wholesale's revenue exceed Reseller's?,$7600,bar,delta_absolute,medium,true,train,"annotated bars; procedural gen (seed=42, idx=19)"
syn_bar_0120__q4,synthetic,gold/images/syn_bar_0120.png,Rank the top 3 segments by revenue.,"Enterprise, Government, SMB",bar,rank_order,medium,true,train,"annotated bars; procedural gen (seed=42, idx=20)"
syn_bar_0121__q1,synthetic,gold/images/syn_bar_0121.png,Revenue for Zeta?,$2600,bar,lookup_value,easy,true,train,"annotated bars; procedural gen (seed=42, idx=21)"
syn_bar_0121__q3,synthetic,gold/images/syn_bar_0121.png,What was the revenue difference between Theta and Epsilon?,$1400,bar,delta_absolute,medium,true,train,"annotated bars; procedural gen (seed=42, idx=21)"
syn_bar_0123__q3,synthetic,gold/images/syn_bar_0123.png,How many more units did SKU-204 sell than SKU-205?,1100,bar,delta_absolute,medium,true,train,"annotated bars; procedural gen (seed=42, idx=23)"
syn_bar_0124__q3,synthetic,gold/images/syn_bar_0124.png,By how much does Automotive's revenue exceed Retail's?,$3700,bar,delta_absolute,medium,true,train,"annotated bars; procedural gen (seed=42, idx=24)"
syn_bar_0125__q1,synthetic,gold/images/syn_bar_0125.png,What was Marketplace's revenue?,$10100,bar,lookup_value,easy,true,train,"annotated bars; procedural gen (seed=42, idx=25)"
syn_bar_0125__q3,synthetic,gold/images/syn_bar_0125.png,How much more revenue did Marketplace generate than Wholesale?,$4500,bar,delta_absolute,medium,true,train,"annotated bars; procedural gen (seed=42, idx=25)"
syn_bar_0126__q3,synthetic,gold/images/syn_bar_0126.png,What was the revenue difference between Enterprise and Consumer?,$2200,bar,delta_absolute,medium,true,train,"annotated bars; procedural gen (seed=42, idx=26)"
syn_bar_0126__q4,synthetic,gold/images/syn_bar_0126.png,List the bottom 3 segments by revenue.,"Consumer, SMB, Enterprise",bar,rank_order,medium,true,train,"annotated bars; procedural gen (seed=42, idx=26)"
syn_bar_0127__q1,synthetic,gold/images/syn_bar_0127.png,How much revenue did Theta generate?,$7700,bar,lookup_value,easy,true,train,"annotated bars; procedural gen (seed=42, idx=27)"
syn_bar_0127__q5,synthetic,gold/images/syn_bar_0127.png,"Together, would Omega and Gamma out-earn Delta?",Yes,bar,hard_multi_step,hard,true,train,"annotated bars; procedural gen (seed=42, idx=27)"
syn_bar_0128__q3,synthetic,gold/images/syn_bar_0128.png,What was the unit sales difference between Widget C and Widget E?,3200,bar,delta_absolute,medium,true,train,"annotated bars; procedural gen (seed=42, idx=28)"
syn_bar_0128__q4,synthetic,gold/images/syn_bar_0128.png,List the top 3 products by units sold.,"Widget C, Widget E, Widget D",bar,rank_order,medium,true,train,"annotated bars; procedural gen (seed=42, idx=28)"
syn_bar_0129__q3,synthetic,gold/images/syn_bar_0129.png,By how many units does SKU-206 exceed SKU-207?,300,bar,delta_absolute,medium,true,train,"annotated bars; procedural gen (seed=42, idx=29)"
syn_bar_0130__q4,synthetic,gold/images/syn_bar_0130.png,Rank the bottom 3 verticals by revenue.,"Tech, Healthcare, Manufacturing",bar,rank_order,medium,true,train,"annotated bars; procedural gen (seed=42, idx=30)"
syn_bar_0131__q1,synthetic,gold/images/syn_bar_0131.png,Revenue for Reseller?,$3400,bar,lookup_value,easy,true,train,"annotated bars; procedural gen (seed=42, idx=31)"
syn_bar_0131__q3,synthetic,gold/images/syn_bar_0131.png,What was the revenue difference between Direct and Wholesale?,$1800,bar,delta_absolute,medium,true,train,"annotated bars; procedural gen (seed=42, idx=31)"
syn_bar_0132__q2,synthetic,gold/images/syn_bar_0132.png,Which segment was smallest in revenue?,Startup,bar,max_min,easy,true,train,"annotated bars; procedural gen (seed=42, idx=32)"
syn_bar_0132__q3,synthetic,gold/images/syn_bar_0132.png,By how much does Enterprise's revenue exceed Startup's?,$6100,bar,delta_absolute,medium,true,train,"annotated bars; procedural gen (seed=42, idx=32)"
syn_bar_0133__q3,synthetic,gold/images/syn_bar_0133.png,How much more revenue did Zeta generate than Omega?,$2600,bar,delta_absolute,medium,true,train,"annotated bars; procedural gen (seed=42, idx=33)"
syn_bar_0136__q1,synthetic,gold/images/syn_bar_0136.png,Revenue for Media?,$2300,bar,lookup_value,easy,true,train,"annotated bars; procedural gen (seed=42, idx=36)"
syn_bar_0136__q3,synthetic,gold/images/syn_bar_0136.png,What was the revenue difference between Automotive and Finance?,$4900,bar,delta_absolute,medium,true,train,"annotated bars; procedural gen (seed=42, idx=36)"
syn_bar_0136__q4,synthetic,gold/images/syn_bar_0136.png,List the top 3 verticals by revenue.,"Automotive, Retail, Finance",bar,rank_order,medium,true,train,"annotated bars; procedural gen (seed=42, idx=36)"
syn_bar_0137__q3,synthetic,gold/images/syn_bar_0137.png,By how much does Reseller's revenue exceed Retail's?,$4800,bar,delta_absolute,medium,true,train,"annotated bars; procedural gen (seed=42, idx=37)"
syn_bar_0138__q1,synthetic,gold/images/syn_bar_0138.png,What was Mid-Market's revenue?,$7700,bar,lookup_value,easy,true,train,"annotated bars; procedural gen (seed=42, idx=38)"
syn_bar_0138__q4,synthetic,gold/images/syn_bar_0138.png,Rank the bottom 3 segments by revenue.,"Government, Consumer, Enterprise",bar,rank_order,medium,true,train,"annotated bars; procedural gen (seed=42, idx=38)"
syn_bar_0139__q3,synthetic,gold/images/syn_bar_0139.png,What was the revenue difference between Gamma and Beta?,$1200,bar,delta_absolute,medium,true,train,"annotated bars; procedural gen (seed=42, idx=39)"
syn_bar_0140__q1,synthetic,gold/images/syn_bar_0140.png,What was Widget E's unit total?,7600,bar,lookup_value,easy,true,train,"annotated bars; procedural gen (seed=42, idx=40)"
syn_bar_0140__q3,synthetic,gold/images/syn_bar_0140.png,By how many units does Widget D exceed Widget F?,900,bar,delta_absolute,medium,true,train,"annotated bars; procedural gen (seed=42, idx=40)"
syn_bar_0140__q4,synthetic,gold/images/syn_bar_0140.png,Name the top 3 products in units sold.,"Gizmo Y, Widget D, Widget E",bar,rank_order,medium,true,train,"annotated bars; procedural gen (seed=42, idx=40)"
syn_bar_0141__q1,synthetic,gold/images/syn_bar_0141.png,How many units did SKU-204 sell?,500,bar,lookup_value,easy,true,train,"annotated bars; procedural gen (seed=42, idx=41)"
syn_bar_0141__q3,synthetic,gold/images/syn_bar_0141.png,How many more units did SKU-207 sell than SKU-204?,800,bar,delta_absolute,medium,true,train,"annotated bars; procedural gen (seed=42, idx=41)"
syn_bar_0142__q3,synthetic,gold/images/syn_bar_0142.png,By how much does Manufacturing's revenue exceed Media's?,$600,bar,delta_absolute,medium,true,train,"annotated bars; procedural gen (seed=42, idx=42)"
syn_bar_0142__q5,synthetic,gold/images/syn_bar_0142.png,"Together, would Healthcare and Media out-earn Tech?",Yes,bar,hard_multi_step,hard,true,train,"annotated bars; procedural gen (seed=42, idx=42)"
syn_bar_0143__q2,synthetic,gold/images/syn_bar_0143.png,Which channel had the lowest revenue?,Partner,bar,max_min,easy,true,train,"annotated bars; procedural gen (seed=42, idx=43)"
syn_bar_0143__q3,synthetic,gold/images/syn_bar_0143.png,How much more revenue did Reseller generate than Direct?,$10400,bar,delta_absolute,medium,true,train,"annotated bars; procedural gen (seed=42, idx=43)"
syn_bar_0144__q1,synthetic,gold/images/syn_bar_0144.png,Revenue for Education?,$9300,bar,lookup_value,easy,true,train,"annotated bars; procedural gen (seed=42, idx=44)"
syn_bar_0144__q3,synthetic,gold/images/syn_bar_0144.png,What was the revenue difference between Enterprise and Startup?,$700,bar,delta_absolute,medium,true,train,"annotated bars; procedural gen (seed=42, idx=44)"
syn_bar_0145__q3,synthetic,gold/images/syn_bar_0145.png,By how much does Gamma's revenue exceed Delta's?,$4700,bar,delta_absolute,medium,true,train,"annotated bars; procedural gen (seed=42, idx=45)"
syn_bar_0147__q3,synthetic,gold/images/syn_bar_0147.png,By how many units does SKU-207 exceed SKU-205?,1000,bar,delta_absolute,medium,true,train,"annotated bars; procedural gen (seed=42, idx=47)"
syn_bar_0148__q3,synthetic,gold/images/syn_bar_0148.png,How much more revenue did Energy generate than Finance?,$2900,bar,delta_absolute,medium,true,train,"annotated bars; procedural gen (seed=42, idx=48)"
syn_bar_0148__q4,synthetic,gold/images/syn_bar_0148.png,Rank the top 3 verticals by revenue.,"Energy, Healthcare, Finance",bar,rank_order,medium,true,train,"annotated bars; procedural gen (seed=42, idx=48)"
syn_bar_0149__q1,synthetic,gold/images/syn_bar_0149.png,Revenue for Online?,$4100,bar,lookup_value,easy,true,train,"annotated bars; procedural gen (seed=42, idx=49)"
syn_bar_0149__q3,synthetic,gold/images/syn_bar_0149.png,What was the revenue difference between Reseller and Direct?,$4300,bar,delta_absolute,medium,true,train,"annotated bars; procedural gen (seed=42, idx=49)"
syn_bar_0150__q3,synthetic,gold/images/syn_bar_0150.png,By how much does Startup's revenue exceed SMB's?,$2900,bar,delta_absolute,medium,true,train,"annotated bars; procedural gen (seed=42, idx=50)"
syn_bar_0150__q4,synthetic,gold/images/syn_bar_0150.png,Name the bottom 3 segments in revenue.,"SMB, Startup, Education",bar,rank_order,medium,true,train,"annotated bars; procedural gen (seed=42, idx=50)"
syn_bar_0151__q3,synthetic,gold/images/syn_bar_0151.png,How much more revenue did Beta generate than Delta?,$1200,bar,delta_absolute,medium,true,train,"annotated bars; procedural gen (seed=42, idx=51)"
syn_bar_0151__q5,synthetic,gold/images/syn_bar_0151.png,Would Zeta and Omega combined exceed Gamma's revenue?,Yes,bar,hard_multi_step,hard,true,train,"annotated bars; procedural gen (seed=42, idx=51)"
syn_bar_0153__q3,synthetic,gold/images/syn_bar_0153.png,What was the unit sales difference between SKU-203 and SKU-201?,100,bar,delta_absolute,medium,true,train,"annotated bars; procedural gen (seed=42, idx=53)"
syn_bar_0154__q3,synthetic,gold/images/syn_bar_0154.png,What was the revenue difference between Energy and Media?,$8900,bar,delta_absolute,medium,true,train,"annotated bars; procedural gen (seed=42, idx=54)"
syn_bar_0154__q4,synthetic,gold/images/syn_bar_0154.png,List the bottom 3 verticals by revenue.,"Media, Retail, Manufacturing",bar,rank_order,medium,true,train,"annotated bars; procedural gen (seed=42, idx=54)"
syn_bar_0155__q3,synthetic,gold/images/syn_bar_0155.png,By how much does Wholesale's revenue exceed Online's?,$7000,bar,delta_absolute,medium,true,train,"annotated bars; procedural gen (seed=42, idx=55)"
syn_bar_0156__q3,synthetic,gold/images/syn_bar_0156.png,How much more revenue did Nonprofit generate than Startup?,$1300,bar,delta_absolute,medium,true,train,"annotated bars; procedural gen (seed=42, idx=56)"
syn_bar_0156__q4,synthetic,gold/images/syn_bar_0156.png,Rank the top 3 segments by revenue.,"Government, Mid-Market, Education",bar,rank_order,medium,true,train,"annotated bars; procedural gen (seed=42, idx=56)"
syn_bar_0157__q2,synthetic,gold/images/syn_bar_0157.png,Which team made the most revenue?,Alpha,bar,max_min,easy,true,train,"annotated bars; procedural gen (seed=42, idx=57)"
syn_bar_0157__q3,synthetic,gold/images/syn_bar_0157.png,What was the revenue difference between Theta and Beta?,$100,bar,delta_absolute,medium,true,train,"annotated bars; procedural gen (seed=42, idx=57)"
syn_bar_0158__q3,synthetic,gold/images/syn_bar_0158.png,By how many units does Gizmo Y exceed Widget B?,100,bar,delta_absolute,medium,true,train,"annotated bars; procedural gen (seed=42, idx=58)"
syn_bar_0158__q4,synthetic,gold/images/syn_bar_0158.png,Name the bottom 3 products in units sold.,"Gizmo X, Widget B, Gizmo Y",bar,rank_order,medium,true,train,"annotated bars; procedural gen (seed=42, idx=58)"
syn_bar_0159__q3,synthetic,gold/images/syn_bar_0159.png,How many more units did SKU-203 sell than SKU-202?,600,bar,delta_absolute,medium,true,train,"annotated bars; procedural gen (seed=42, idx=59)"
syn_bar_0160__q2,synthetic,gold/images/syn_bar_0160.png,Which vertical led in revenue?,Energy,bar,max_min,easy,true,train,"annotated bars; procedural gen (seed=42, idx=60)"
syn_bar_0160__q3,synthetic,gold/images/syn_bar_0160.png,By how much does Media's revenue exceed Finance's?,$3400,bar,delta_absolute,medium,true,train,"annotated bars; procedural gen (seed=42, idx=60)"
syn_bar_0161__q2,synthetic,gold/images/syn_bar_0161.png,Which channel had the lowest revenue?,Direct,bar,max_min,easy,true,train,"annotated bars; procedural gen (seed=42, idx=61)"
syn_bar_0161__q3,synthetic,gold/images/syn_bar_0161.png,How much more revenue did Marketplace generate than Retail?,$2700,bar,delta_absolute,medium,true,train,"annotated bars; procedural gen (seed=42, idx=61)"
syn_bar_0162__q3,synthetic,gold/images/syn_bar_0162.png,What was the revenue difference between Consumer and Nonprofit?,$3300,bar,delta_absolute,medium,true,train,"annotated bars; procedural gen (seed=42, idx=62)"
syn_bar_0163__q3,synthetic,gold/images/syn_bar_0163.png,By how much does Beta's revenue exceed Delta's?,$3800,bar,delta_absolute,medium,true,train,"annotated bars; procedural gen (seed=42, idx=63)"
syn_bar_0164__q3,synthetic,gold/images/syn_bar_0164.png,What was the unit sales difference between Widget C and Widget A?,1500,bar,delta_absolute,medium,true,train,"annotated bars; procedural gen (seed=42, idx=64)"
syn_bar_0164__q4,synthetic,gold/images/syn_bar_0164.png,List the top 3 products by units sold.,"Widget C, Widget E, Widget A",bar,rank_order,medium,true,train,"annotated bars; procedural gen (seed=42, idx=64)"
syn_bar_0165__q2,synthetic,gold/images/syn_bar_0165.png,Which SKU led in units sold?,SKU-205,bar,max_min,easy,true,train,"annotated bars; procedural gen (seed=42, idx=65)"
syn_bar_0165__q3,synthetic,gold/images/syn_bar_0165.png,By how many units does SKU-201 exceed SKU-203?,2000,bar,delta_absolute,medium,true,train,"annotated bars; procedural gen (seed=42, idx=65)"
syn_bar_0166__q1,synthetic,gold/images/syn_bar_0166.png,What was Retail's revenue?,$2300,bar,lookup_value,easy,true,train,"annotated bars; procedural gen (seed=42, idx=66)"
syn_bar_0166__q3,synthetic,gold/images/syn_bar_0166.png,How much more revenue did Tech generate than Retail?,$7700,bar,delta_absolute,medium,true,train,"annotated bars; procedural gen (seed=42, idx=66)"
syn_bar_0166__q4,synthetic,gold/images/syn_bar_0166.png,Rank the bottom 3 verticals by revenue.,"Retail, Finance, Tech",bar,rank_order,medium,true,train,"annotated bars; procedural gen (seed=42, idx=66)"
syn_bar_0166__q5,synthetic,gold/images/syn_bar_0166.png,Would Retail and Tech combined exceed Manufacturing's revenue?,Yes,bar,hard_multi_step,hard,true,train,"annotated bars; procedural gen (seed=42, idx=66)"
syn_bar_0167__q1,synthetic,gold/images/syn_bar_0167.png,Revenue for Partner?,$11000,bar,lookup_value,easy,true,train,"annotated bars; procedural gen (seed=42, idx=67)"
syn_bar_0167__q3,synthetic,gold/images/syn_bar_0167.png,What was the revenue difference between Wholesale and Partner?,$3600,bar,delta_absolute,medium,true,train,"annotated bars; procedural gen (seed=42, idx=67)"
syn_bar_0168__q1,synthetic,gold/images/syn_bar_0168.png,How much revenue did Education generate?,$9700,bar,lookup_value,easy,true,train,"annotated bars; procedural gen (seed=42, idx=68)"
syn_bar_0168__q3,synthetic,gold/images/syn_bar_0168.png,By how much does SMB's revenue exceed Nonprofit's?,$5800,bar,delta_absolute,medium,true,train,"annotated bars; procedural gen (seed=42, idx=68)"
syn_bar_0168__q4,synthetic,gold/images/syn_bar_0168.png,Name the top 3 segments in revenue.,"Education, SMB, Enterprise",bar,rank_order,medium,true,train,"annotated bars; procedural gen (seed=42, idx=68)"
syn_bar_0169__q3,synthetic,gold/images/syn_bar_0169.png,How much more revenue did Theta generate than Alpha?,$200,bar,delta_absolute,medium,true,train,"annotated bars; procedural gen (seed=42, idx=69)"
syn_bar_0169__q5,synthetic,gold/images/syn_bar_0169.png,Would Zeta and Theta combined exceed Gamma's revenue?,Yes,bar,hard_multi_step,hard,true,train,"annotated bars; procedural gen (seed=42, idx=69)"
syn_bar_0170__q3,synthetic,gold/images/syn_bar_0170.png,How many more units did Widget F sell than Widget D?,5900,bar,delta_absolute,medium,true,train,"annotated bars; procedural gen (seed=42, idx=70)"
syn_bar_0170__q4,synthetic,gold/images/syn_bar_0170.png,Rank the bottom 3 products by units sold.,"Widget B, Widget D, Widget C",bar,rank_order,medium,true,train,"annotated bars; procedural gen (seed=42, idx=70)"
syn_bar_0171__q3,synthetic,gold/images/syn_bar_0171.png,What was the unit sales difference between SKU-208 and SKU-204?,2700,bar,delta_absolute,medium,true,train,"annotated bars; procedural gen (seed=42, idx=71)"
syn_bar_0172__q1,synthetic,gold/images/syn_bar_0172.png,Revenue for Healthcare?,$5600,bar,lookup_value,easy,true,train,"annotated bars; procedural gen (seed=42, idx=72)"
syn_bar_0172__q3,synthetic,gold/images/syn_bar_0172.png,What was the revenue difference between Media and Finance?,$6300,bar,delta_absolute,medium,true,train,"annotated bars; procedural gen (seed=42, idx=72)"
syn_bar_0172__q4,synthetic,gold/images/syn_bar_0172.png,List the top 3 verticals by revenue.,"Media, Energy, Healthcare",bar,rank_order,medium,true,train,"annotated bars; procedural gen (seed=42, idx=72)"
syn_bar_0173__q1,synthetic,gold/images/syn_bar_0173.png,How much revenue did Reseller generate?,$15000,bar,lookup_value,easy,true,train,"annotated bars; procedural gen (seed=42, idx=73)"
syn_bar_0173__q3,synthetic,gold/images/syn_bar_0173.png,By how much does Reseller's revenue exceed Online's?,$700,bar,delta_absolute,medium,true,train,"annotated bars; procedural gen (seed=42, idx=73)"
syn_bar_0174__q3,synthetic,gold/images/syn_bar_0174.png,How much more revenue did Enterprise generate than Consumer?,$500,bar,delta_absolute,medium,true,train,"annotated bars; procedural gen (seed=42, idx=74)"
syn_bar_0174__q4,synthetic,gold/images/syn_bar_0174.png,Rank the bottom 3 segments by revenue.,"Government, Startup, Nonprofit",bar,rank_order,medium,true,train,"annotated bars; procedural gen (seed=42, idx=74)"
syn_bar_0175__q1,synthetic,gold/images/syn_bar_0175.png,Revenue for Zeta?,$7200,bar,lookup_value,easy,true,train,"annotated bars; procedural gen (seed=42, idx=75)"
syn_bar_0176__q1,synthetic,gold/images/syn_bar_0176.png,What was Widget E's unit total?,7700,bar,lookup_value,easy,true,train,"annotated bars; procedural gen (seed=42, idx=76)"
syn_bar_0176__q3,synthetic,gold/images/syn_bar_0176.png,By how many units does Widget E exceed Gizmo X?,1100,bar,delta_absolute,medium,true,train,"annotated bars; procedural gen (seed=42, idx=76)"
syn_bar_0177__q3,synthetic,gold/images/syn_bar_0177.png,How many more units did SKU-202 sell than SKU-205?,700,bar,delta_absolute,medium,true,train,"annotated bars; procedural gen (seed=42, idx=77)"
syn_bar_0178__q3,synthetic,gold/images/syn_bar_0178.png,By how much does Energy's revenue exceed Healthcare's?,$6900,bar,delta_absolute,medium,true,train,"annotated bars; procedural gen (seed=42, idx=78)"
syn_bar_0178__q4,synthetic,gold/images/syn_bar_0178.png,Name the bottom 3 verticals in revenue.,"Healthcare, Automotive, Energy",bar,rank_order,medium,true,train,"annotated bars; procedural gen (seed=42, idx=78)"
syn_bar_0178__q5,synthetic,gold/images/syn_bar_0178.png,"Together, would Healthcare and Energy out-earn Finance?",Yes,bar,hard_multi_step,hard,true,train,"annotated bars; procedural gen (seed=42, idx=78)"
syn_bar_0179__q1,synthetic,gold/images/syn_bar_0179.png,What was Marketplace's revenue?,$3600,bar,lookup_value,easy,true,train,"annotated bars; procedural gen (seed=42, idx=79)"
syn_bar_0179__q3,synthetic,gold/images/syn_bar_0179.png,How much more revenue did Wholesale generate than Reseller?,$5000,bar,delta_absolute,medium,true,train,"annotated bars; procedural gen (seed=42, idx=79)"
syn_bar_0180__q2,synthetic,gold/images/syn_bar_0180.png,Which segment made the least revenue?,Consumer,bar,max_min,easy,true,train,"annotated bars; procedural gen (seed=42, idx=80)"
syn_bar_0180__q3,synthetic,gold/images/syn_bar_0180.png,What was the revenue difference between Government and SMB?,$4500,bar,delta_absolute,medium,true,train,"annotated bars; procedural gen (seed=42, idx=80)"
syn_bar_0180__q4,synthetic,gold/images/syn_bar_0180.png,List the top 3 segments by revenue.,"Government, Education, SMB",bar,rank_order,medium,true,train,"annotated bars; procedural gen (seed=42, idx=80)"
syn_bar_0181__q3,synthetic,gold/images/syn_bar_0181.png,By how much does Alpha's revenue exceed Gamma's?,$4700,bar,delta_absolute,medium,true,train,"annotated bars; procedural gen (seed=42, idx=81)"
syn_bar_0181__q5,synthetic,gold/images/syn_bar_0181.png,"Together, would Epsilon and Theta out-earn Alpha?",Yes,bar,hard_multi_step,hard,true,train,"annotated bars; procedural gen (seed=42, idx=81)"
syn_bar_0182__q1,synthetic,gold/images/syn_bar_0182.png,Units sold by Widget B?,7900,bar,lookup_value,easy,true,train,"annotated bars; procedural gen (seed=42, idx=82)"
syn_bar_0182__q3,synthetic,gold/images/syn_bar_0182.png,What was the unit sales difference between Widget B and Widget D?,400,bar,delta_absolute,medium,true,train,"annotated bars; procedural gen (seed=42, idx=82)"
syn_bar_0182__q4,synthetic,gold/images/syn_bar_0182.png,List the bottom 3 products by units sold.,"Widget C, Widget A, Gizmo X",bar,rank_order,medium,true,train,"annotated bars; procedural gen (seed=42, idx=82)"
syn_bar_0183__q3,synthetic,gold/images/syn_bar_0183.png,By how many units does SKU-208 exceed SKU-204?,1500,bar,delta_absolute,medium,true,train,"annotated bars; procedural gen (seed=42, idx=83)"
syn_bar_0184__q3,synthetic,gold/images/syn_bar_0184.png,How much more revenue did Retail generate than Media?,$8700,bar,delta_absolute,medium,true,train,"annotated bars; procedural gen (seed=42, idx=84)"
syn_bar_0185__q3,synthetic,gold/images/syn_bar_0185.png,What was the revenue difference between Retail and Partner?,$1400,bar,delta_absolute,medium,true,train,"annotated bars; procedural gen (seed=42, idx=85)"
syn_bar_0186__q2,synthetic,gold/images/syn_bar_0186.png,Which segment led in revenue?,Enterprise,bar,max_min,easy,true,train,"annotated bars; procedural gen (seed=42, idx=86)"
syn_bar_0186__q3,synthetic,gold/images/syn_bar_0186.png,By how much does Nonprofit's revenue exceed Education's?,$2700,bar,delta_absolute,medium,true,train,"annotated bars; procedural gen (seed=42, idx=86)"
syn_bar_0186__q4,synthetic,gold/images/syn_bar_0186.png,Name the bottom 3 segments in revenue.,"Consumer, Government, Education",bar,rank_order,medium,true,train,"annotated bars; procedural gen (seed=42, idx=86)"
syn_bar_0187__q3,synthetic,gold/images/syn_bar_0187.png,How much more revenue did Alpha generate than Omega?,$300,bar,delta_absolute,medium,true,train,"annotated bars; procedural gen (seed=42, idx=87)"
syn_bar_0188__q3,synthetic,gold/images/syn_bar_0188.png,How many more units did Widget E sell than Widget B?,1800,bar,delta_absolute,medium,true,train,"annotated bars; procedural gen (seed=42, idx=88)"
syn_bar_0188__q4,synthetic,gold/images/syn_bar_0188.png,Rank the top 3 products by units sold.,"Widget E, Widget B, Widget A",bar,rank_order,medium,true,train,"annotated bars; procedural gen (seed=42, idx=88)"
syn_bar_0189__q3,synthetic,gold/images/syn_bar_0189.png,What was the unit sales difference between SKU-202 and SKU-203?,900,bar,delta_absolute,medium,true,train,"annotated bars; procedural gen (seed=42, idx=89)"
syn_bar_0190__q3,synthetic,gold/images/syn_bar_0190.png,What was the revenue difference between Manufacturing and Retail?,$400,bar,delta_absolute,medium,true,train,"annotated bars; procedural gen (seed=42, idx=90)"
syn_bar_0191__q2,synthetic,gold/images/syn_bar_0191.png,Which channel led in revenue?,Reseller,bar,max_min,easy,true,train,"annotated bars; procedural gen (seed=42, idx=91)"
syn_bar_0191__q3,synthetic,gold/images/syn_bar_0191.png,By how much does Partner's revenue exceed Retail's?,$6700,bar,delta_absolute,medium,true,train,"annotated bars; procedural gen (seed=42, idx=91)"
syn_bar_0192__q4,synthetic,gold/images/syn_bar_0192.png,Rank the top 3 segments by revenue.,"Nonprofit, SMB, Enterprise",bar,rank_order,medium,true,train,"annotated bars; procedural gen (seed=42, idx=92)"
syn_bar_0193__q3,synthetic,gold/images/syn_bar_0193.png,What was the revenue difference between Zeta and Alpha?,$4600,bar,delta_absolute,medium,true,train,"annotated bars; procedural gen (seed=42, idx=93)"
syn_bar_0194__q1,synthetic,gold/images/syn_bar_0194.png,What was Widget B's unit total?,2600,bar,lookup_value,easy,true,train,"annotated bars; procedural gen (seed=42, idx=94)"
syn_bar_0194__q3,synthetic,gold/images/syn_bar_0194.png,By how many units does Widget E exceed Gizmo X?,1800,bar,delta_absolute,medium,true,train,"annotated bars; procedural gen (seed=42, idx=94)"
syn_bar_0195__q1,synthetic,gold/images/syn_bar_0195.png,How many units did SKU-208 sell?,1300,bar,lookup_value,easy,true,train,"annotated bars; procedural gen (seed=42, idx=95)"
syn_bar_0195__q3,synthetic,gold/images/syn_bar_0195.png,How many more units did SKU-202 sell than SKU-208?,400,bar,delta_absolute,medium,true,train,"annotated bars; procedural gen (seed=42, idx=95)"
syn_bar_0196__q1,synthetic,gold/images/syn_bar_0196.png,How much revenue did Tech generate?,$2000,bar,lookup_value,easy,true,train,"annotated bars; procedural gen (seed=42, idx=96)"
syn_bar_0196__q3,synthetic,gold/images/syn_bar_0196.png,By how much does Manufacturing's revenue exceed Media's?,$3900,bar,delta_absolute,medium,true,train,"annotated bars; procedural gen (seed=42, idx=96)"
syn_bar_0196__q4,synthetic,gold/images/syn_bar_0196.png,Name the top 3 verticals in revenue.,"Manufacturing, Automotive, Media",bar,rank_order,medium,true,train,"annotated bars; procedural gen (seed=42, idx=96)"
syn_bar_0197__q3,synthetic,gold/images/syn_bar_0197.png,How much more revenue did Reseller generate than Partner?,$2200,bar,delta_absolute,medium,true,train,"annotated bars; procedural gen (seed=42, idx=97)"
syn_bar_0198__q3,synthetic,gold/images/syn_bar_0198.png,What was the revenue difference between Mid-Market and Consumer?,$4000,bar,delta_absolute,medium,true,train,"annotated bars; procedural gen (seed=42, idx=98)"
syn_bar_0199__q1,synthetic,gold/images/syn_bar_0199.png,How much revenue did Beta generate?,$9600,bar,lookup_value,easy,true,train,"annotated bars; procedural gen (seed=42, idx=99)"
syn_bar_0199__q2,synthetic,gold/images/syn_bar_0199.png,Which team was smallest in revenue?,Epsilon,bar,max_min,easy,true,train,"annotated bars; procedural gen (seed=42, idx=99)"
syn_bar_0199__q3,synthetic,gold/images/syn_bar_0199.png,By how much does Beta's revenue exceed Epsilon's?,$4900,bar,delta_absolute,medium,true,train,"annotated bars; procedural gen (seed=42, idx=99)"
syn_bar_0200__q3,synthetic,gold/images/syn_bar_0200.png,What was the unit sales difference between Gizmo X and Widget E?,4600,bar,delta_absolute,medium,true,train,"annotated bars; procedural gen (seed=42, idx=100)"
syn_bar_0200__q4,synthetic,gold/images/syn_bar_0200.png,List the top 3 products by units sold.,"Gizmo X, Widget F, Widget C",bar,rank_order,medium,true,train,"annotated bars; procedural gen (seed=42, idx=100)"
syn_bar_0201__q1,synthetic,gold/images/syn_bar_0201.png,What was SKU-204's unit total?,500,bar,lookup_value,easy,true,train,"annotated bars; procedural gen (seed=42, idx=101)"
syn_bar_0201__q2,synthetic,gold/images/syn_bar_0201.png,Which SKU was weakest in unit sales?,SKU-207,bar,max_min,easy,true,train,"annotated bars; procedural gen (seed=42, idx=101)"
syn_bar_0201__q3,synthetic,gold/images/syn_bar_0201.png,By how many units does SKU-202 exceed SKU-205?,600,bar,delta_absolute,medium,true,train,"annotated bars; procedural gen (seed=42, idx=101)"
syn_bar_0202__q3,synthetic,gold/images/syn_bar_0202.png,How much more revenue did Automotive generate than Finance?,$5400,bar,delta_absolute,medium,true,train,"annotated bars; procedural gen (seed=42, idx=102)"
syn_bar_0203__q1,synthetic,gold/images/syn_bar_0203.png,Revenue for Online?,$6300,bar,lookup_value,easy,true,train,"annotated bars; procedural gen (seed=42, idx=103)"
syn_bar_0203__q3,synthetic,gold/images/syn_bar_0203.png,What was the revenue difference between Partner and Reseller?,$3900,bar,delta_absolute,medium,true,train,"annotated bars; procedural gen (seed=42, idx=103)"
syn_bar_0204__q3,synthetic,gold/images/syn_bar_0204.png,By how much does SMB's revenue exceed Education's?,$8800,bar,delta_absolute,medium,true,train,"annotated bars; procedural gen (seed=42, idx=104)"
syn_bar_0204__q4,synthetic,gold/images/syn_bar_0204.png,Name the top 3 segments in revenue.,"Mid-Market, SMB, Nonprofit",bar,rank_order,medium,true,train,"annotated bars; procedural gen (seed=42, idx=104)"
syn_bar_0205__q1,synthetic,gold/images/syn_bar_0205.png,What was Beta's revenue?,$9300,bar,lookup_value,easy,true,train,"annotated bars; procedural gen (seed=42, idx=105)"
syn_bar_0205__q3,synthetic,gold/images/syn_bar_0205.png,How much more revenue did Omega generate than Gamma?,$3500,bar,delta_absolute,medium,true,train,"annotated bars; procedural gen (seed=42, idx=105)"
syn_bar_0205__q5,synthetic,gold/images/syn_bar_0205.png,Would Theta and Gamma combined exceed Omega's revenue?,Yes,bar,hard_multi_step,hard,true,train,"annotated bars; procedural gen (seed=42, idx=105)"
syn_bar_0206__q3,synthetic,gold/images/syn_bar_0206.png,How many more units did Widget C sell than Gizmo X?,1400,bar,delta_absolute,medium,true,train,"annotated bars; procedural gen (seed=42, idx=106)"
syn_bar_0206__q4,synthetic,gold/images/syn_bar_0206.png,Rank the bottom 3 products by units sold.,"Gizmo X, Widget E, Gizmo Y",bar,rank_order,medium,true,train,"annotated bars; procedural gen (seed=42, idx=106)"
syn_bar_0207__q3,synthetic,gold/images/syn_bar_0207.png,What was the unit sales difference between SKU-208 and SKU-203?,800,bar,delta_absolute,medium,true,train,"annotated bars; procedural gen (seed=42, idx=107)"
syn_bar_0208__q4,synthetic,gold/images/syn_bar_0208.png,List the top 3 verticals by revenue.,"Tech, Energy, Healthcare",bar,rank_order,medium,true,train,"annotated bars; procedural gen (seed=42, idx=108)"
syn_bar_0209__q3,synthetic,gold/images/syn_bar_0209.png,By how much does Direct's revenue exceed Reseller's?,$9700,bar,delta_absolute,medium,true,train,"annotated bars; procedural gen (seed=42, idx=109)"
syn_bar_0210__q3,synthetic,gold/images/syn_bar_0210.png,How much more revenue did Startup generate than Government?,$1300,bar,delta_absolute,medium,true,train,"annotated bars; procedural gen (seed=42, idx=110)"
syn_bar_0210__q4,synthetic,gold/images/syn_bar_0210.png,Rank the bottom 3 segments by revenue.,"Government, Startup, Mid-Market",bar,rank_order,medium,true,train,"annotated bars; procedural gen (seed=42, idx=110)"
syn_bar_0211__q1,synthetic,gold/images/syn_bar_0211.png,Revenue for Delta?,$2700,bar,lookup_value,easy,true,train,"annotated bars; procedural gen (seed=42, idx=111)"
syn_bar_0211__q3,synthetic,gold/images/syn_bar_0211.png,What was the revenue difference between Zeta and Beta?,$1800,bar,delta_absolute,medium,true,train,"annotated bars; procedural gen (seed=42, idx=111)"
syn_bar_0212__q3,synthetic,gold/images/syn_bar_0212.png,By how many units does Widget F exceed Widget A?,4100,bar,delta_absolute,medium,true,train,"annotated bars; procedural gen (seed=42, idx=112)"
syn_bar_0212__q4,synthetic,gold/images/syn_bar_0212.png,Name the top 3 products in units sold.,"Widget F, Widget B, Widget E",bar,rank_order,medium,true,train,"annotated bars; procedural gen (seed=42, idx=112)"
syn_bar_0213__q1,synthetic,gold/images/syn_bar_0213.png,How many units did SKU-207 sell?,2900,bar,lookup_value,easy,true,train,"annotated bars; procedural gen (seed=42, idx=113)"
syn_bar_0213__q3,synthetic,gold/images/syn_bar_0213.png,How many more units did SKU-202 sell than SKU-206?,1200,bar,delta_absolute,medium,true,train,"annotated bars; procedural gen (seed=42, idx=113)"
syn_bar_0214__q3,synthetic,gold/images/syn_bar_0214.png,By how much does Automotive's revenue exceed Tech's?,$1700,bar,delta_absolute,medium,true,train,"annotated bars; procedural gen (seed=42, idx=114)"
syn_bar_0214__q5,synthetic,gold/images/syn_bar_0214.png,"Together, would Manufacturing and Energy out-earn Tech?",Yes,bar,hard_multi_step,hard,true,train,"annotated bars; procedural gen (seed=42, idx=114)"
syn_bar_0215__q1,synthetic,gold/images/syn_bar_0215.png,What was Partner's revenue?,$6900,bar,lookup_value,easy,true,train,"annotated bars; procedural gen (seed=42, idx=115)"
syn_bar_0215__q2,synthetic,gold/images/syn_bar_0215.png,Which channel had the highest revenue?,Online,bar,max_min,easy,true,train,"annotated bars; procedural gen (seed=42, idx=115)"
syn_bar_0215__q3,synthetic,gold/images/syn_bar_0215.png,How much more revenue did Partner generate than Direct?,$1500,bar,delta_absolute,medium,true,train,"annotated bars; procedural gen (seed=42, idx=115)"
syn_bar_0216__q1,synthetic,gold/images/syn_bar_0216.png,Revenue for Education?,$11300,bar,lookup_value,easy,true,train,"annotated bars; procedural gen (seed=42, idx=116)"
syn_bar_0216__q4,synthetic,gold/images/syn_bar_0216.png,List the top 3 segments by revenue.,"Education, Enterprise, Nonprofit",bar,rank_order,medium,true,train,"annotated bars; procedural gen (seed=42, idx=116)"
syn_bar_0217__q2,synthetic,gold/images/syn_bar_0217.png,Which team led in revenue?,Omega,bar,max_min,easy,true,train,"annotated bars; procedural gen (seed=42, idx=117)"
syn_bar_0217__q3,synthetic,gold/images/syn_bar_0217.png,By how much does Omega's revenue exceed Zeta's?,$3200,bar,delta_absolute,medium,true,train,"annotated bars; procedural gen (seed=42, idx=117)"
syn_bar_0218__q1,synthetic,gold/images/syn_bar_0218.png,Units sold by Widget D?,5700,bar,lookup_value,easy,true,train,"annotated bars; procedural gen (seed=42, idx=118)"
syn_bar_0218__q3,synthetic,gold/images/syn_bar_0218.png,What was the unit sales difference between Widget D and Widget A?,1200,bar,delta_absolute,medium,true,train,"annotated bars; procedural gen (seed=42, idx=118)"
syn_bar_0219__q3,synthetic,gold/images/syn_bar_0219.png,By how many units does SKU-206 exceed SKU-204?,2200,bar,delta_absolute,medium,true,train,"annotated bars; procedural gen (seed=42, idx=119)"
syn_donut_0001__q2,synthetic,gold/images/syn_donut_0001.png,Which category accounted for the least sales?,Hardware,donut,max_min,easy,true,train,annotated donut; slice labels show category + percentage
syn_donut_0001__q3,synthetic,gold/images/syn_donut_0001.png,Was Subscriptions' sales share greater than Services'?,No,donut,compare_categories,medium,true,train,annotated donut; slice labels show category + percentage
syn_donut_0100__q3,synthetic,gold/images/syn_donut_0100.png,Did Operations have a bigger share of budget than IT?,Yes,donut,compare_categories,medium,true,train,"annotated donut; procedural gen (seed=46, idx=94)"
syn_donut_0100__q4,synthetic,gold/images/syn_donut_0100.png,List the bottom 3 departments by share of budget.,"Engineering, IT, Sales",donut,rank_order,medium,true,train,"annotated donut; procedural gen (seed=46, idx=94)"
syn_donut_0101__q3,synthetic,gold/images/syn_donut_0101.png,Was Display's spend share greater than Direct's?,No,donut,compare_categories,medium,true,train,"annotated donut; procedural gen (seed=46, idx=95)"
syn_donut_0102__q3,synthetic,gold/images/syn_donut_0102.png,Was Services' share of sales larger than Subscriptions'?,No,donut,compare_categories,medium,true,train,"annotated donut; procedural gen (seed=46, idx=96)"
syn_donut_0102__q4,synthetic,gold/images/syn_donut_0102.png,Rank the top 3 categories by share of sales.,"Subscriptions, Hardware, Consulting",donut,rank_order,medium,true,train,"annotated donut; procedural gen (seed=46, idx=96)"
syn_donut_0103__q3,synthetic,gold/images/syn_donut_0103.png,Did NA have a bigger share of revenue than APAC?,No,donut,compare_categories,medium,true,train,"annotated donut; procedural gen (seed=46, idx=97)"
syn_donut_0104__q1,synthetic,gold/images/syn_donut_0104.png,Direct's share of total traffic?,29.2%,donut,lookup_value,easy,true,train,"annotated donut; procedural gen (seed=46, idx=98)"
syn_donut_0104__q3,synthetic,gold/images/syn_donut_0104.png,Was Paid's traffic share greater than Social's?,No,donut,compare_categories,medium,true,train,"annotated donut; procedural gen (seed=46, idx=98)"
syn_donut_0104__q4,synthetic,gold/images/syn_donut_0104.png,Name the bottom 3 sources by traffic share.,"Organic, Paid, Social",donut,rank_order,medium,true,train,"annotated donut; procedural gen (seed=46, idx=98)"
syn_donut_0108__q3,synthetic,gold/images/syn_donut_0108.png,Was EMEA's share of revenue larger than MEA's?,Yes,donut,compare_categories,medium,true,train,"annotated donut; procedural gen (seed=46, idx=102)"
syn_donut_0109__q1,synthetic,gold/images/syn_donut_0109.png,What share of traffic did Email represent?,21.8%,donut,lookup_value,easy,true,train,"annotated donut; procedural gen (seed=46, idx=103)"
syn_donut_0109__q2,synthetic,gold/images/syn_donut_0109.png,Which source dominated traffic?,Direct,donut,max_min,easy,true,train,"annotated donut; procedural gen (seed=46, idx=103)"
syn_donut_0109__q3,synthetic,gold/images/syn_donut_0109.png,Did Paid have a bigger share of traffic than Organic?,No,donut,compare_categories,medium,true,train,"annotated donut; procedural gen (seed=46, idx=103)"
syn_donut_0110__q3,synthetic,gold/images/syn_donut_0110.png,Was HR's budget share greater than Sales'?,No,donut,compare_categories,medium,true,train,"annotated donut; procedural gen (seed=46, idx=104)"
syn_donut_0111__q3,synthetic,gold/images/syn_donut_0111.png,Was Affiliate's share of spend larger than Social's?,Yes,donut,compare_categories,medium,true,train,"annotated donut; procedural gen (seed=46, idx=105)"
syn_donut_0112__q3,synthetic,gold/images/syn_donut_0112.png,Did Subscriptions have a bigger share of sales than Consulting?,No,donut,compare_categories,medium,true,train,"annotated donut; procedural gen (seed=46, idx=106)"
syn_donut_0114__q3,synthetic,gold/images/syn_donut_0114.png,Was Organic's share of traffic larger than Paid's?,No,donut,compare_categories,medium,true,train,"annotated donut; procedural gen (seed=46, idx=108)"
syn_donut_0114__q4,synthetic,gold/images/syn_donut_0114.png,Rank the top 3 sources by share of traffic.,"Paid, Organic, Referral",donut,rank_order,medium,true,train,"annotated donut; procedural gen (seed=46, idx=108)"
syn_donut_0115__q3,synthetic,gold/images/syn_donut_0115.png,Did Sales have a bigger share of budget than Engineering?,Yes,donut,compare_categories,medium,true,train,"annotated donut; procedural gen (seed=46, idx=109)"
syn_donut_0116__q3,synthetic,gold/images/syn_donut_0116.png,Was Display's spend share greater than Affiliate's?,No,donut,compare_categories,medium,true,train,"annotated donut; procedural gen (seed=46, idx=110)"
syn_donut_0116__q4,synthetic,gold/images/syn_donut_0116.png,Name the bottom 3 channels by spend share.,"Social, Display, Paid Search",donut,rank_order,medium,true,train,"annotated donut; procedural gen (seed=46, idx=110)"
syn_donut_0117__q3,synthetic,gold/images/syn_donut_0117.png,Was Subscriptions' share of sales larger than Hardware's?,No,donut,compare_categories,medium,true,train,"annotated donut; procedural gen (seed=46, idx=111)"
syn_donut_0118__q3,synthetic,gold/images/syn_donut_0118.png,Did APAC have a bigger share of revenue than EMEA?,Yes,donut,compare_categories,medium,true,train,"annotated donut; procedural gen (seed=46, idx=112)"
syn_donut_0120__q3,synthetic,gold/images/syn_donut_0120.png,Was HR's share of budget larger than Engineering's?,Yes,donut,compare_categories,medium,true,train,"annotated donut; procedural gen (seed=46, idx=114)"
syn_donut_0121__q3,synthetic,gold/images/syn_donut_0121.png,Did Direct have a bigger share of spend than Paid Search?,No,donut,compare_categories,medium,true,train,"annotated donut; procedural gen (seed=46, idx=115)"
syn_donut_0122__q3,synthetic,gold/images/syn_donut_0122.png,Was Services' sales share greater than Software's?,No,donut,compare_categories,medium,true,train,"annotated donut; procedural gen (seed=46, idx=116)"
syn_donut_0124__q3,synthetic,gold/images/syn_donut_0124.png,Did Social have a bigger share of traffic than Organic?,Yes,donut,compare_categories,medium,true,train,"annotated donut; procedural gen (seed=46, idx=118)"
syn_donut_0124__q4,synthetic,gold/images/syn_donut_0124.png,List the bottom 3 sources by share of traffic.,"Organic, Social, Direct",donut,rank_order,medium,true,train,"annotated donut; procedural gen (seed=46, idx=118)"
syn_donut_0125__q3,synthetic,gold/images/syn_donut_0125.png,Was IT's budget share greater than Operations'?,Yes,donut,compare_categories,medium,true,train,"annotated donut; procedural gen (seed=46, idx=119)"
syn_donut_0126__q1,synthetic,gold/images/syn_donut_0126.png,What percentage of spend came from Affiliate?,30.8%,donut,lookup_value,easy,true,train,"annotated donut; procedural gen (seed=46, idx=120)"
syn_donut_0126__q3,synthetic,gold/images/syn_donut_0126.png,Was SEO's share of spend larger than Affiliate's?,No,donut,compare_categories,medium,true,train,"annotated donut; procedural gen (seed=46, idx=120)"
syn_donut_0126__q4,synthetic,gold/images/syn_donut_0126.png,Rank the top 3 channels by share of spend.,"Paid Search, Affiliate, Direct",donut,rank_order,medium,true,train,"annotated donut; procedural gen (seed=46, idx=120)"
syn_donut_0127__q2,synthetic,gold/images/syn_donut_0127.png,Which category dominated sales?,Consulting,donut,max_min,easy,true,train,"annotated donut; procedural gen (seed=46, idx=121)"
syn_donut_0127__q3,synthetic,gold/images/syn_donut_0127.png,Did Services have a bigger share of sales than Consulting?,No,donut,compare_categories,medium,true,train,"annotated donut; procedural gen (seed=46, idx=121)"
syn_donut_0128__q1,synthetic,gold/images/syn_donut_0128.png,MEA's share of total revenue?,8.5%,donut,lookup_value,easy,true,train,"annotated donut; procedural gen (seed=46, idx=122)"
syn_donut_0128__q2,synthetic,gold/images/syn_donut_0128.png,Which region had the biggest slice of revenue?,APAC,donut,max_min,easy,true,train,"annotated donut; procedural gen (seed=46, idx=122)"
syn_donut_0128__q3,synthetic,gold/images/syn_donut_0128.png,Was NA's revenue share greater than MEA's?,Yes,donut,compare_categories,medium,true,train,"annotated donut; procedural gen (seed=46, idx=122)"
syn_donut_0128__q4,synthetic,gold/images/syn_donut_0128.png,Name the bottom 3 regions by revenue share.,"MEA, EMEA, NA",donut,rank_order,medium,true,train,"annotated donut; procedural gen (seed=46, idx=122)"
syn_donut_0129__q2,synthetic,gold/images/syn_donut_0129.png,Which source had the largest share of traffic?,Paid,donut,max_min,easy,true,train,"annotated donut; procedural gen (seed=46, idx=123)"
syn_donut_0130__q3,synthetic,gold/images/syn_donut_0130.png,Did HR have a bigger share of budget than Operations?,Yes,donut,compare_categories,medium,true,train,"annotated donut; procedural gen (seed=46, idx=124)"
syn_donut_0130__q4,synthetic,gold/images/syn_donut_0130.png,List the top 3 departments by share of budget.,"Engineering, HR, Operations",donut,rank_order,medium,true,train,"annotated donut; procedural gen (seed=46, idx=124)"
syn_donut_0131__q2,synthetic,gold/images/syn_donut_0131.png,Which channel accounted for the least spend?,Display,donut,max_min,easy,true,train,"annotated donut; procedural gen (seed=46, idx=125)"
syn_donut_0131__q3,synthetic,gold/images/syn_donut_0131.png,Was Social's spend share greater than SEO's?,Yes,donut,compare_categories,medium,true,train,"annotated donut; procedural gen (seed=46, idx=125)"
syn_donut_0132__q4,synthetic,gold/images/syn_donut_0132.png,Rank the bottom 3 categories by share of sales.,"Software, Consulting, Subscriptions",donut,rank_order,medium,true,train,"annotated donut; procedural gen (seed=46, idx=126)"
syn_donut_0133__q2,synthetic,gold/images/syn_donut_0133.png,Which region had the smallest slice of revenue?,NA,donut,max_min,easy,true,train,"annotated donut; procedural gen (seed=46, idx=127)"
syn_donut_0133__q3,synthetic,gold/images/syn_donut_0133.png,Did LATAM have a bigger share of revenue than MEA?,Yes,donut,compare_categories,medium,true,train,"annotated donut; procedural gen (seed=46, idx=127)"
syn_donut_0134__q1,synthetic,gold/images/syn_donut_0134.png,Direct's share of total traffic?,35.5%,donut,lookup_value,easy,true,train,"annotated donut; procedural gen (seed=46, idx=128)"
syn_donut_0134__q2,synthetic,gold/images/syn_donut_0134.png,Which source accounted for the least traffic?,Paid,donut,max_min,easy,true,train,"annotated donut; procedural gen (seed=46, idx=128)"
syn_donut_0134__q3,synthetic,gold/images/syn_donut_0134.png,Was Social's traffic share greater than Paid's?,Yes,donut,compare_categories,medium,true,train,"annotated donut; procedural gen (seed=46, idx=128)"
syn_donut_0134__q4,synthetic,gold/images/syn_donut_0134.png,Name the top 3 sources by traffic share.,"Direct, Email, Organic",donut,rank_order,medium,true,train,"annotated donut; procedural gen (seed=46, idx=128)"
syn_donut_0135__q1,synthetic,gold/images/syn_donut_0135.png,What percentage of budget came from Sales?,18.5%,donut,lookup_value,easy,true,train,"annotated donut; procedural gen (seed=46, idx=129)"
syn_donut_0135__q3,synthetic,gold/images/syn_donut_0135.png,Was Sales' share of budget larger than Engineering's?,Yes,donut,compare_categories,medium,true,train,"annotated donut; procedural gen (seed=46, idx=129)"
syn_donut_0136__q4,synthetic,gold/images/syn_donut_0136.png,List the bottom 3 channels by share of spend.,"Display, Paid Search, Affiliate",donut,rank_order,medium,true,train,"annotated donut; procedural gen (seed=46, idx=130)"
syn_donut_0137__q3,synthetic,gold/images/syn_donut_0137.png,Was Software's sales share greater than Hardware's?,No,donut,compare_categories,medium,true,train,"annotated donut; procedural gen (seed=46, idx=131)"
syn_donut_0138__q3,synthetic,gold/images/syn_donut_0138.png,Was APAC's share of revenue larger than EMEA's?,Yes,donut,compare_categories,medium,true,train,"annotated donut; procedural gen (seed=46, idx=132)"
syn_donut_0138__q4,synthetic,gold/images/syn_donut_0138.png,Rank the top 3 regions by share of revenue.,"LATAM, NA, MEA",donut,rank_order,medium,true,train,"annotated donut; procedural gen (seed=46, idx=132)"
syn_donut_0139__q1,synthetic,gold/images/syn_donut_0139.png,What share of traffic did Paid represent?,31.8%,donut,lookup_value,easy,true,train,"annotated donut; procedural gen (seed=46, idx=133)"
syn_donut_0139__q3,synthetic,gold/images/syn_donut_0139.png,Did Paid have a bigger share of traffic than Organic?,Yes,donut,compare_categories,medium,true,train,"annotated donut; procedural gen (seed=46, idx=133)"
syn_donut_0140__q1,synthetic,gold/images/syn_donut_0140.png,HR's share of total budget?,26.6%,donut,lookup_value,easy,true,train,"annotated donut; procedural gen (seed=46, idx=134)"
syn_donut_0140__q2,synthetic,gold/images/syn_donut_0140.png,Which department had the biggest slice of budget?,Engineering,donut,max_min,easy,true,train,"annotated donut; procedural gen (seed=46, idx=134)"
syn_donut_0141__q3,synthetic,gold/images/syn_donut_0141.png,Was Display's share of spend larger than Direct's?,Yes,donut,compare_categories,medium,true,train,"annotated donut; procedural gen (seed=46, idx=135)"
syn_donut_0142__q1,synthetic,gold/images/syn_donut_0142.png,What share of sales did Services represent?,13.7%,donut,lookup_value,easy,true,train,"annotated donut; procedural gen (seed=46, idx=136)"
syn_donut_0142__q3,synthetic,gold/images/syn_donut_0142.png,Did Software have a bigger share of sales than Consulting?,Yes,donut,compare_categories,medium,true,train,"annotated donut; procedural gen (seed=46, idx=136)"
syn_donut_0142__q4,synthetic,gold/images/syn_donut_0142.png,List the top 3 categories by share of sales.,"Hardware, Software, Consulting",donut,rank_order,medium,true,train,"annotated donut; procedural gen (seed=46, idx=136)"
syn_grouped_0001__q3,synthetic,gold/images/syn_grouped_0001.png,"For SMB, which year had higher revenue, 2024 or 2025?",2025,grouped_bar,multi_series_compare,medium,true,train,annotated grouped bars; correct-by-construction
syn_grouped_0002__q3,synthetic,gold/images/syn_grouped_0002.png,Was NA's revenue higher in H1 or H2?,H2,grouped_bar,multi_series_compare,medium,true,train,annotated grouped bars; correct-by-construction
syn_grouped_0100__q3,synthetic,gold/images/syn_grouped_0100.png,"Between 2023 and 2024, which had higher revenue for Government?",2023,grouped_bar,multi_series_compare,medium,true,train,"annotated grouped bars; procedural gen (seed=44, idx=0)"
syn_grouped_0100__q4,synthetic,gold/images/syn_grouped_0100.png,"Between Startup in 2023 and Education in 2024, was the former higher?",No,grouped_bar,hard_multi_step,hard,true,train,"annotated grouped bars; procedural gen (seed=44, idx=0)"
syn_grouped_0101__q3,synthetic,gold/images/syn_grouped_0101.png,"For EMEA, which half had higher revenue, H1 or H2?",H1,grouped_bar,multi_series_compare,medium,true,train,"annotated grouped bars; procedural gen (seed=44, idx=1)"
syn_grouped_0102__q3,synthetic,gold/images/syn_grouped_0102.png,Was Energy's revenue higher in Q3 or Q4?,Q3,grouped_bar,multi_series_compare,medium,true,train,"annotated grouped bars; procedural gen (seed=44, idx=2)"
syn_grouped_0103__q3,synthetic,gold/images/syn_grouped_0103.png,"Between Plan and Actual, which had higher revenue for Retail?",Actual,grouped_bar,multi_series_compare,medium,true,train,"annotated grouped bars; procedural gen (seed=44, idx=3)"
syn_grouped_0104__q3,synthetic,gold/images/syn_grouped_0104.png,"For SMB, which year had higher revenue, 2023 or 2024?",2024,grouped_bar,multi_series_compare,medium,true,train,"annotated grouped bars; procedural gen (seed=44, idx=4)"
syn_grouped_0106__q1,synthetic,gold/images/syn_grouped_0106.png,How much revenue did Energy generate in Q3?,$3600,grouped_bar,lookup_value,easy,true,train,"annotated grouped bars; procedural gen (seed=44, idx=6)"
syn_grouped_0106__q3,synthetic,gold/images/syn_grouped_0106.png,"Between Q3 and Q4, which had higher revenue for Manufacturing?",Q4,grouped_bar,multi_series_compare,medium,true,train,"annotated grouped bars; procedural gen (seed=44, idx=6)"
syn_grouped_0107__q2,synthetic,gold/images/syn_grouped_0107.png,"In Plan, which channel had the highest revenue?",Wholesale,grouped_bar,max_min,easy,true,train,"annotated grouped bars; procedural gen (seed=44, idx=7)"
syn_grouped_0108__q3,synthetic,gold/images/syn_grouped_0108.png,Was Startup's revenue higher in 2024 or 2025?,2025,grouped_bar,multi_series_compare,medium,true,train,"annotated grouped bars; procedural gen (seed=44, idx=8)"
syn_grouped_0109__q3,synthetic,gold/images/syn_grouped_0109.png,"Between H1 and H2, which had higher revenue for APAC?",H1,grouped_bar,multi_series_compare,medium,true,train,"annotated grouped bars; procedural gen (seed=44, idx=9)"
syn_grouped_0109__q4,synthetic,gold/images/syn_grouped_0109.png,"Between LATAM in H1 and EMEA in H2, was the former higher?",No,grouped_bar,hard_multi_step,hard,true,train,"annotated grouped bars; procedural gen (seed=44, idx=9)"
syn_grouped_0110__q3,synthetic,gold/images/syn_grouped_0110.png,"For Manufacturing, which quarter had higher revenue, Q1 or Q2?",Q1,grouped_bar,multi_series_compare,medium,true,train,"annotated grouped bars; procedural gen (seed=44, idx=10)"
syn_grouped_0111__q3,synthetic,gold/images/syn_grouped_0111.png,Was Retail's revenue higher in Plan or Actual?,Actual,grouped_bar,multi_series_compare,medium,true,train,"annotated grouped bars; procedural gen (seed=44, idx=11)"
syn_grouped_0112__q3,synthetic,gold/images/syn_grouped_0112.png,"Between 2023 and 2024, which had higher revenue for Enterprise?",2023,grouped_bar,multi_series_compare,medium,true,train,"annotated grouped bars; procedural gen (seed=44, idx=12)"
syn_grouped_0114__q3,synthetic,gold/images/syn_grouped_0114.png,Was Manufacturing's revenue higher in Q1 or Q2?,Q1,grouped_bar,multi_series_compare,medium,true,train,"annotated grouped bars; procedural gen (seed=44, idx=14)"
syn_grouped_0115__q4,synthetic,gold/images/syn_grouped_0115.png,"Between Direct in Plan and Retail in Actual, was the former higher?",No,grouped_bar,hard_multi_step,hard,true,train,"annotated grouped bars; procedural gen (seed=44, idx=15)"
syn_grouped_0116__q1,synthetic,gold/images/syn_grouped_0116.png,What was Consumer's revenue in 2024?,$7400,grouped_bar,lookup_value,easy,true,train,"annotated grouped bars; procedural gen (seed=44, idx=16)"
syn_grouped_0116__q3,synthetic,gold/images/syn_grouped_0116.png,"For Nonprofit, which year had higher revenue, 2023 or 2024?",2023,grouped_bar,multi_series_compare,medium,true,train,"annotated grouped bars; procedural gen (seed=44, idx=16)"
syn_grouped_0117__q1,synthetic,gold/images/syn_grouped_0117.png,APAC revenue in H2?,$5400,grouped_bar,lookup_value,easy,true,train,"annotated grouped bars; procedural gen (seed=44, idx=17)"
syn_grouped_0117__q3,synthetic,gold/images/syn_grouped_0117.png,Was EMEA's revenue higher in H1 or H2?,H1,grouped_bar,multi_series_compare,medium,true,train,"annotated grouped bars; procedural gen (seed=44, idx=17)"
syn_grouped_0118__q1,synthetic,gold/images/syn_grouped_0118.png,How much revenue did Manufacturing generate in Q1?,$7200,grouped_bar,lookup_value,easy,true,train,"annotated grouped bars; procedural gen (seed=44, idx=18)"
syn_grouped_0118__q2,synthetic,gold/images/syn_grouped_0118.png,"In Q2, which vertical peaked in revenue?",Finance,grouped_bar,max_min,easy,true,train,"annotated grouped bars; procedural gen (seed=44, idx=18)"
syn_grouped_0118__q3,synthetic,gold/images/syn_grouped_0118.png,"Between Q1 and Q2, which had higher revenue for Manufacturing?",Q1,grouped_bar,multi_series_compare,medium,true,train,"annotated grouped bars; procedural gen (seed=44, idx=18)"
syn_grouped_0119__q1,synthetic,gold/images/syn_grouped_0119.png,What was Partner's revenue in Plan?,$3300,grouped_bar,lookup_value,easy,true,train,"annotated grouped bars; procedural gen (seed=44, idx=19)"
syn_grouped_0119__q3,synthetic,gold/images/syn_grouped_0119.png,"For Direct, which period had higher revenue, Plan or Actual?",Actual,grouped_bar,multi_series_compare,medium,true,train,"annotated grouped bars; procedural gen (seed=44, idx=19)"
syn_grouped_0120__q3,synthetic,gold/images/syn_grouped_0120.png,Was Government's revenue higher in 2024 or 2025?,2024,grouped_bar,multi_series_compare,medium,true,train,"annotated grouped bars; procedural gen (seed=44, idx=20)"
syn_grouped_0121__q3,synthetic,gold/images/syn_grouped_0121.png,"Between H1 and H2, which had higher revenue for APAC?",H2,grouped_bar,multi_series_compare,medium,true,train,"annotated grouped bars; procedural gen (seed=44, idx=21)"
syn_grouped_0122__q3,synthetic,gold/images/syn_grouped_0122.png,"For Finance, which quarter had higher revenue, Q3 or Q4?",Q4,grouped_bar,multi_series_compare,medium,true,train,"annotated grouped bars; procedural gen (seed=44, idx=22)"
syn_grouped_0123__q2,synthetic,gold/images/syn_grouped_0123.png,"In Plan, which channel recorded the lowest revenue?",Reseller,grouped_bar,max_min,easy,true,train,"annotated grouped bars; procedural gen (seed=44, idx=23)"
syn_grouped_0123__q3,synthetic,gold/images/syn_grouped_0123.png,Was Retail's revenue higher in Plan or Actual?,Plan,grouped_bar,multi_series_compare,medium,true,train,"annotated grouped bars; procedural gen (seed=44, idx=23)"
syn_grouped_0124__q3,synthetic,gold/images/syn_grouped_0124.png,"Between 2023 and 2024, which had higher revenue for Education?",2023,grouped_bar,multi_series_compare,medium,true,train,"annotated grouped bars; procedural gen (seed=44, idx=24)"
syn_grouped_0125__q1,synthetic,gold/images/syn_grouped_0125.png,What was LATAM's revenue in H1?,$5500,grouped_bar,lookup_value,easy,true,train,"annotated grouped bars; procedural gen (seed=44, idx=25)"
syn_grouped_0125__q3,synthetic,gold/images/syn_grouped_0125.png,"For MEA, which half had higher revenue, H1 or H2?",H2,grouped_bar,multi_series_compare,medium,true,train,"annotated grouped bars; procedural gen (seed=44, idx=25)"
syn_grouped_0127__q3,synthetic,gold/images/syn_grouped_0127.png,"Between Plan and Actual, which had higher revenue for Partner?",Plan,grouped_bar,multi_series_compare,medium,true,train,"annotated grouped bars; procedural gen (seed=44, idx=27)"
syn_grouped_0127__q4,synthetic,gold/images/syn_grouped_0127.png,"Between Online in Plan and Partner in Actual, was the former higher?",No,grouped_bar,hard_multi_step,hard,true,train,"annotated grouped bars; procedural gen (seed=44, idx=27)"
syn_grouped_0128__q3,synthetic,gold/images/syn_grouped_0128.png,"For Startup, which year had higher revenue, 2023 or 2024?",2023,grouped_bar,multi_series_compare,medium,true,train,"annotated grouped bars; procedural gen (seed=44, idx=28)"
syn_grouped_0129__q2,synthetic,gold/images/syn_grouped_0129.png,Which region led in revenue in H1?,APAC,grouped_bar,max_min,easy,true,train,"annotated grouped bars; procedural gen (seed=44, idx=29)"
syn_grouped_0129__q3,synthetic,gold/images/syn_grouped_0129.png,Was MEA's revenue higher in H1 or H2?,H1,grouped_bar,multi_series_compare,medium,true,train,"annotated grouped bars; procedural gen (seed=44, idx=29)"
syn_grouped_0130__q3,synthetic,gold/images/syn_grouped_0130.png,"Between Q3 and Q4, which had higher revenue for Media?",Q3,grouped_bar,multi_series_compare,medium,true,train,"annotated grouped bars; procedural gen (seed=44, idx=30)"
syn_grouped_0131__q3,synthetic,gold/images/syn_grouped_0131.png,"For Retail, which period had higher revenue, Plan or Actual?",Actual,grouped_bar,multi_series_compare,medium,true,train,"annotated grouped bars; procedural gen (seed=44, idx=31)"
syn_grouped_0132__q2,synthetic,gold/images/syn_grouped_0132.png,Which segment led in revenue in 2023?,Startup,grouped_bar,max_min,easy,true,train,"annotated grouped bars; procedural gen (seed=44, idx=32)"
syn_grouped_0132__q3,synthetic,gold/images/syn_grouped_0132.png,Was Consumer's revenue higher in 2023 or 2024?,2024,grouped_bar,multi_series_compare,medium,true,train,"annotated grouped bars; procedural gen (seed=44, idx=32)"
syn_grouped_0133__q2,synthetic,gold/images/syn_grouped_0133.png,"In H1, which region peaked in revenue?",NA,grouped_bar,max_min,easy,true,train,"annotated grouped bars; procedural gen (seed=44, idx=33)"
syn_grouped_0133__q3,synthetic,gold/images/syn_grouped_0133.png,"Between H1 and H2, which had higher revenue for NA?",H1,grouped_bar,multi_series_compare,medium,true,train,"annotated grouped bars; procedural gen (seed=44, idx=33)"
syn_grouped_0134__q3,synthetic,gold/images/syn_grouped_0134.png,"For Media, which quarter had higher revenue, Q3 or Q4?",Q3,grouped_bar,multi_series_compare,medium,true,train,"annotated grouped bars; procedural gen (seed=44, idx=34)"
syn_grouped_0135__q1,synthetic,gold/images/syn_grouped_0135.png,Marketplace revenue in Plan?,$9000,grouped_bar,lookup_value,easy,true,train,"annotated grouped bars; procedural gen (seed=44, idx=35)"
syn_grouped_0135__q3,synthetic,gold/images/syn_grouped_0135.png,Was Marketplace's revenue higher in Plan or Actual?,Actual,grouped_bar,multi_series_compare,medium,true,train,"annotated grouped bars; procedural gen (seed=44, idx=35)"
syn_grouped_0136__q3,synthetic,gold/images/syn_grouped_0136.png,"Between 2023 and 2024, which had higher revenue for Enterprise?",2024,grouped_bar,multi_series_compare,medium,true,train,"annotated grouped bars; procedural gen (seed=44, idx=36)"
syn_grouped_0137__q1,synthetic,gold/images/syn_grouped_0137.png,What was NA's revenue in H1?,$6900,grouped_bar,lookup_value,easy,true,train,"annotated grouped bars; procedural gen (seed=44, idx=37)"
syn_grouped_0137__q3,synthetic,gold/images/syn_grouped_0137.png,"For NA, which half had higher revenue, H1 or H2?",H1,grouped_bar,multi_series_compare,medium,true,train,"annotated grouped bars; procedural gen (seed=44, idx=37)"
syn_grouped_0138__q3,synthetic,gold/images/syn_grouped_0138.png,Was Retail's revenue higher in Q1 or Q2?,Q2,grouped_bar,multi_series_compare,medium,true,train,"annotated grouped bars; procedural gen (seed=44, idx=38)"
syn_grouped_0139__q3,synthetic,gold/images/syn_grouped_0139.png,"Between Plan and Actual, which had higher revenue for Online?",Actual,grouped_bar,multi_series_compare,medium,true,train,"annotated grouped bars; procedural gen (seed=44, idx=39)"
syn_grouped_0140__q3,synthetic,gold/images/syn_grouped_0140.png,"For Nonprofit, which year had higher revenue, 2023 or 2024?",2023,grouped_bar,multi_series_compare,medium,true,train,"annotated grouped bars; procedural gen (seed=44, idx=40)"
syn_grouped_0141__q3,synthetic,gold/images/syn_grouped_0141.png,Was EMEA's revenue higher in H1 or H2?,H2,grouped_bar,multi_series_compare,medium,true,train,"annotated grouped bars; procedural gen (seed=44, idx=41)"
syn_grouped_0142__q2,synthetic,gold/images/syn_grouped_0142.png,"In Q3, which vertical peaked in revenue?",Retail,grouped_bar,max_min,easy,true,train,"annotated grouped bars; procedural gen (seed=44, idx=42)"
syn_grouped_0142__q3,synthetic,gold/images/syn_grouped_0142.png,"Between Q3 and Q4, which had higher revenue for Media?",Q3,grouped_bar,multi_series_compare,medium,true,train,"annotated grouped bars; procedural gen (seed=44, idx=42)"
syn_grouped_0142__q4,synthetic,gold/images/syn_grouped_0142.png,"Between Finance in Q3 and Retail in Q4, was the former higher?",No,grouped_bar,hard_multi_step,hard,true,train,"annotated grouped bars; procedural gen (seed=44, idx=42)"
syn_grouped_0143__q2,synthetic,gold/images/syn_grouped_0143.png,"In Plan, which channel had the highest revenue?",Direct,grouped_bar,max_min,easy,true,train,"annotated grouped bars; procedural gen (seed=44, idx=43)"
syn_grouped_0144__q3,synthetic,gold/images/syn_grouped_0144.png,Was SMB's revenue higher in 2023 or 2024?,2023,grouped_bar,multi_series_compare,medium,true,train,"annotated grouped bars; procedural gen (seed=44, idx=44)"
syn_grouped_0145__q3,synthetic,gold/images/syn_grouped_0145.png,"Between H1 and H2, which had higher revenue for NA?",H1,grouped_bar,multi_series_compare,medium,true,train,"annotated grouped bars; procedural gen (seed=44, idx=45)"
syn_grouped_0146__q2,synthetic,gold/images/syn_grouped_0146.png,"In Q2, which vertical had the highest revenue?",Tech,grouped_bar,max_min,easy,true,train,"annotated grouped bars; procedural gen (seed=44, idx=46)"
syn_grouped_0146__q3,synthetic,gold/images/syn_grouped_0146.png,"For Manufacturing, which quarter had higher revenue, Q1 or Q2?",Q1,grouped_bar,multi_series_compare,medium,true,train,"annotated grouped bars; procedural gen (seed=44, idx=46)"
syn_grouped_0147__q3,synthetic,gold/images/syn_grouped_0147.png,Was Reseller's revenue higher in Plan or Actual?,Plan,grouped_bar,multi_series_compare,medium,true,train,"annotated grouped bars; procedural gen (seed=44, idx=47)"
syn_grouped_0148__q3,synthetic,gold/images/syn_grouped_0148.png,"Between 2024 and 2025, which had higher revenue for SMB?",2024,grouped_bar,multi_series_compare,medium,true,train,"annotated grouped bars; procedural gen (seed=44, idx=48)"
syn_grouped_0149__q1,synthetic,gold/images/syn_grouped_0149.png,What was NA's revenue in H2?,$7200,grouped_bar,lookup_value,easy,true,train,"annotated grouped bars; procedural gen (seed=44, idx=49)"
syn_grouped_0149__q3,synthetic,gold/images/syn_grouped_0149.png,"For EMEA, which half had higher revenue, H1 or H2?",H1,grouped_bar,multi_series_compare,medium,true,train,"annotated grouped bars; procedural gen (seed=44, idx=49)"
syn_grouped_0151__q2,synthetic,gold/images/syn_grouped_0151.png,"In Actual, which channel peaked in revenue?",Online,grouped_bar,max_min,easy,true,train,"annotated grouped bars; procedural gen (seed=44, idx=51)"
syn_grouped_0151__q3,synthetic,gold/images/syn_grouped_0151.png,"Between Plan and Actual, which had higher revenue for Online?",Actual,grouped_bar,multi_series_compare,medium,true,train,"annotated grouped bars; procedural gen (seed=44, idx=51)"
syn_grouped_0152__q3,synthetic,gold/images/syn_grouped_0152.png,"For Government, which year had higher revenue, 2023 or 2024?",2023,grouped_bar,multi_series_compare,medium,true,train,"annotated grouped bars; procedural gen (seed=44, idx=52)"
syn_grouped_0153__q3,synthetic,gold/images/syn_grouped_0153.png,Was NA's revenue higher in H1 or H2?,H1,grouped_bar,multi_series_compare,medium,true,train,"annotated grouped bars; procedural gen (seed=44, idx=53)"
syn_grouped_0154__q3,synthetic,gold/images/syn_grouped_0154.png,"Between Q3 and Q4, which had higher revenue for Energy?",Q4,grouped_bar,multi_series_compare,medium,true,train,"annotated grouped bars; procedural gen (seed=44, idx=54)"
syn_grouped_0154__q4,synthetic,gold/images/syn_grouped_0154.png,"Between Manufacturing in Q3 and Tech in Q4, was the former higher?",No,grouped_bar,hard_multi_step,hard,true,train,"annotated grouped bars; procedural gen (seed=44, idx=54)"
syn_grouped_0155__q3,synthetic,gold/images/syn_grouped_0155.png,"For Reseller, which period had higher revenue, Plan or Actual?",Actual,grouped_bar,multi_series_compare,medium,true,train,"annotated grouped bars; procedural gen (seed=44, idx=55)"
syn_grouped_0156__q2,synthetic,gold/images/syn_grouped_0156.png,"In 2025, which segment recorded the lowest revenue?",Consumer,grouped_bar,max_min,easy,true,train,"annotated grouped bars; procedural gen (seed=44, idx=56)"
syn_grouped_0156__q3,synthetic,gold/images/syn_grouped_0156.png,Was Consumer's revenue higher in 2024 or 2025?,2024,grouped_bar,multi_series_compare,medium,true,train,"annotated grouped bars; procedural gen (seed=44, idx=56)"
syn_grouped_0157__q3,synthetic,gold/images/syn_grouped_0157.png,"Between H1 and H2, which had higher revenue for MEA?",H1,grouped_bar,multi_series_compare,medium,true,train,"annotated grouped bars; procedural gen (seed=44, idx=57)"
syn_grouped_0158__q3,synthetic,gold/images/syn_grouped_0158.png,"For Tech, which quarter had higher revenue, Q3 or Q4?",Q3,grouped_bar,multi_series_compare,medium,true,train,"annotated grouped bars; procedural gen (seed=44, idx=58)"
syn_grouped_0159__q3,synthetic,gold/images/syn_grouped_0159.png,Was Marketplace's revenue higher in Plan or Actual?,Actual,grouped_bar,multi_series_compare,medium,true,train,"annotated grouped bars; procedural gen (seed=44, idx=59)"
syn_grouped_0160__q3,synthetic,gold/images/syn_grouped_0160.png,"Between 2024 and 2025, which had higher revenue for Consumer?",2024,grouped_bar,multi_series_compare,medium,true,train,"annotated grouped bars; procedural gen (seed=44, idx=60)"
syn_grouped_0160__q4,synthetic,gold/images/syn_grouped_0160.png,"Between Startup in 2024 and Consumer in 2025, was the former higher?",Yes,grouped_bar,hard_multi_step,hard,true,train,"annotated grouped bars; procedural gen (seed=44, idx=60)"
syn_grouped_0161__q1,synthetic,gold/images/syn_grouped_0161.png,What was MEA's revenue in H1?,$5200,grouped_bar,lookup_value,easy,true,train,"annotated grouped bars; procedural gen (seed=44, idx=61)"
syn_grouped_0162__q3,synthetic,gold/images/syn_grouped_0162.png,Was Tech's revenue higher in Q1 or Q2?,Q2,grouped_bar,multi_series_compare,medium,true,train,"annotated grouped bars; procedural gen (seed=44, idx=62)"
syn_grouped_0163__q3,synthetic,gold/images/syn_grouped_0163.png,"Between Plan and Actual, which had higher revenue for Marketplace?",Actual,grouped_bar,multi_series_compare,medium,true,train,"annotated grouped bars; procedural gen (seed=44, idx=63)"
syn_grouped_0164__q2,synthetic,gold/images/syn_grouped_0164.png,"In 2025, which segment had the lowest revenue?",Education,grouped_bar,max_min,easy,true,train,"annotated grouped bars; procedural gen (seed=44, idx=64)"
syn_grouped_0164__q3,synthetic,gold/images/syn_grouped_0164.png,"For Nonprofit, which year had higher revenue, 2024 or 2025?",2025,grouped_bar,multi_series_compare,medium,true,train,"annotated grouped bars; procedural gen (seed=44, idx=64)"
syn_grouped_0165__q1,synthetic,gold/images/syn_grouped_0165.png,APAC revenue in H2?,$6500,grouped_bar,lookup_value,easy,true,train,"annotated grouped bars; procedural gen (seed=44, idx=65)"
syn_grouped_0165__q3,synthetic,gold/images/syn_grouped_0165.png,Was EMEA's revenue higher in H1 or H2?,H2,grouped_bar,multi_series_compare,medium,true,train,"annotated grouped bars; procedural gen (seed=44, idx=65)"
syn_grouped_0166__q3,synthetic,gold/images/syn_grouped_0166.png,"Between Q3 and Q4, which had higher revenue for Finance?",Q3,grouped_bar,multi_series_compare,medium,true,train,"annotated grouped bars; procedural gen (seed=44, idx=66)"
syn_grouped_0167__q3,synthetic,gold/images/syn_grouped_0167.png,"For Retail, which period had higher revenue, Plan or Actual?",Actual,grouped_bar,multi_series_compare,medium,true,train,"annotated grouped bars; procedural gen (seed=44, idx=67)"
syn_grouped_0168__q2,synthetic,gold/images/syn_grouped_0168.png,Which segment led in revenue in 2024?,Nonprofit,grouped_bar,max_min,easy,true,train,"annotated grouped bars; procedural gen (seed=44, idx=68)"
syn_grouped_0168__q3,synthetic,gold/images/syn_grouped_0168.png,Was Enterprise's revenue higher in 2023 or 2024?,2023,grouped_bar,multi_series_compare,medium,true,train,"annotated grouped bars; procedural gen (seed=44, idx=68)"
syn_grouped_0169__q3,synthetic,gold/images/syn_grouped_0169.png,"Between H1 and H2, which had higher revenue for NA?",H1,grouped_bar,multi_series_compare,medium,true,train,"annotated grouped bars; procedural gen (seed=44, idx=69)"
syn_grouped_0170__q3,synthetic,gold/images/syn_grouped_0170.png,"For Energy, which quarter had higher revenue, Q3 or Q4?",Q3,grouped_bar,multi_series_compare,medium,true,train,"annotated grouped bars; procedural gen (seed=44, idx=70)"
syn_grouped_0171__q3,synthetic,gold/images/syn_grouped_0171.png,Was Retail's revenue higher in Plan or Actual?,Plan,grouped_bar,multi_series_compare,medium,true,train,"annotated grouped bars; procedural gen (seed=44, idx=71)"
syn_grouped_0172__q3,synthetic,gold/images/syn_grouped_0172.png,"Between 2024 and 2025, which had higher revenue for Government?",2025,grouped_bar,multi_series_compare,medium,true,train,"annotated grouped bars; procedural gen (seed=44, idx=72)"
syn_grouped_0173__q3,synthetic,gold/images/syn_grouped_0173.png,"For APAC, which half had higher revenue, H1 or H2?",H2,grouped_bar,multi_series_compare,medium,true,train,"annotated grouped bars; procedural gen (seed=44, idx=73)"
syn_grouped_0174__q1,synthetic,gold/images/syn_grouped_0174.png,Finance revenue in Q1?,$7400,grouped_bar,lookup_value,easy,true,train,"annotated grouped bars; procedural gen (seed=44, idx=74)"
syn_grouped_0175__q3,synthetic,gold/images/syn_grouped_0175.png,"Between Plan and Actual, which had higher revenue for Retail?",Actual,grouped_bar,multi_series_compare,medium,true,train,"annotated grouped bars; procedural gen (seed=44, idx=75)"
syn_grouped_0176__q2,synthetic,gold/images/syn_grouped_0176.png,"In 2023, which segment had the highest revenue?",Education,grouped_bar,max_min,easy,true,train,"annotated grouped bars; procedural gen (seed=44, idx=76)"
syn_grouped_0176__q3,synthetic,gold/images/syn_grouped_0176.png,"For Education, which year had higher revenue, 2023 or 2024?",2023,grouped_bar,multi_series_compare,medium,true,train,"annotated grouped bars; procedural gen (seed=44, idx=76)"
syn_grouped_0177__q3,synthetic,gold/images/syn_grouped_0177.png,Was NA's revenue higher in H1 or H2?,H2,grouped_bar,multi_series_compare,medium,true,train,"annotated grouped bars; procedural gen (seed=44, idx=77)"
syn_grouped_0179__q1,synthetic,gold/images/syn_grouped_0179.png,What was Partner's revenue in Plan?,$10400,grouped_bar,lookup_value,easy,true,train,"annotated grouped bars; procedural gen (seed=44, idx=79)"
syn_grouped_0179__q2,synthetic,gold/images/syn_grouped_0179.png,"In Actual, which channel had the highest revenue?",Marketplace,grouped_bar,max_min,easy,true,train,"annotated grouped bars; procedural gen (seed=44, idx=79)"
syn_grouped_0179__q3,synthetic,gold/images/syn_grouped_0179.png,"For Partner, which period had higher revenue, Plan or Actual?",Plan,grouped_bar,multi_series_compare,medium,true,train,"annotated grouped bars; procedural gen (seed=44, idx=79)"
syn_grouped_0180__q3,synthetic,gold/images/syn_grouped_0180.png,Was Startup's revenue higher in 2023 or 2024?,2024,grouped_bar,multi_series_compare,medium,true,train,"annotated grouped bars; procedural gen (seed=44, idx=80)"
syn_grouped_0181__q3,synthetic,gold/images/syn_grouped_0181.png,"Between H1 and H2, which had higher revenue for EMEA?",H1,grouped_bar,multi_series_compare,medium,true,train,"annotated grouped bars; procedural gen (seed=44, idx=81)"
syn_grouped_0183__q3,synthetic,gold/images/syn_grouped_0183.png,Was Retail's revenue higher in Plan or Actual?,Actual,grouped_bar,multi_series_compare,medium,true,train,"annotated grouped bars; procedural gen (seed=44, idx=83)"
syn_grouped_0184__q3,synthetic,gold/images/syn_grouped_0184.png,"Between 2023 and 2024, which had higher revenue for Nonprofit?",2023,grouped_bar,multi_series_compare,medium,true,train,"annotated grouped bars; procedural gen (seed=44, idx=84)"
syn_grouped_0185__q1,synthetic,gold/images/syn_grouped_0185.png,What was NA's revenue in H1?,$4800,grouped_bar,lookup_value,easy,true,train,"annotated grouped bars; procedural gen (seed=44, idx=85)"
syn_grouped_0186__q3,synthetic,gold/images/syn_grouped_0186.png,Was Energy's revenue higher in Q3 or Q4?,Q3,grouped_bar,multi_series_compare,medium,true,train,"annotated grouped bars; procedural gen (seed=44, idx=86)"
syn_grouped_0187__q3,synthetic,gold/images/syn_grouped_0187.png,"Between Plan and Actual, which had higher revenue for Reseller?",Plan,grouped_bar,multi_series_compare,medium,true,train,"annotated grouped bars; procedural gen (seed=44, idx=87)"
syn_grouped_0188__q2,synthetic,gold/images/syn_grouped_0188.png,"In 2023, which segment had the highest revenue?",Consumer,grouped_bar,max_min,easy,true,train,"annotated grouped bars; procedural gen (seed=44, idx=88)"
syn_grouped_0188__q3,synthetic,gold/images/syn_grouped_0188.png,"For Education, which year had higher revenue, 2023 or 2024?",2024,grouped_bar,multi_series_compare,medium,true,train,"annotated grouped bars; procedural gen (seed=44, idx=88)"
syn_grouped_0189__q3,synthetic,gold/images/syn_grouped_0189.png,Was EMEA's revenue higher in H1 or H2?,H2,grouped_bar,multi_series_compare,medium,true,train,"annotated grouped bars; procedural gen (seed=44, idx=89)"
syn_grouped_0190__q3,synthetic,gold/images/syn_grouped_0190.png,"Between Q3 and Q4, which had higher revenue for Finance?",Q4,grouped_bar,multi_series_compare,medium,true,train,"annotated grouped bars; procedural gen (seed=44, idx=90)"
syn_grouped_0191__q3,synthetic,gold/images/syn_grouped_0191.png,"For Wholesale, which period had higher revenue, Plan or Actual?",Actual,grouped_bar,multi_series_compare,medium,true,train,"annotated grouped bars; procedural gen (seed=44, idx=91)"
syn_grouped_0193__q3,synthetic,gold/images/syn_grouped_0193.png,"Between H1 and H2, which had higher revenue for EMEA?",H2,grouped_bar,multi_series_compare,medium,true,train,"annotated grouped bars; procedural gen (seed=44, idx=93)"
syn_grouped_0194__q3,synthetic,gold/images/syn_grouped_0194.png,"For Energy, which quarter had higher revenue, Q1 or Q2?",Q1,grouped_bar,multi_series_compare,medium,true,train,"annotated grouped bars; procedural gen (seed=44, idx=94)"
syn_grouped_0195__q3,synthetic,gold/images/syn_grouped_0195.png,Was Reseller's revenue higher in Plan or Actual?,Actual,grouped_bar,multi_series_compare,medium,true,train,"annotated grouped bars; procedural gen (seed=44, idx=95)"
syn_grouped_0196__q1,synthetic,gold/images/syn_grouped_0196.png,How much revenue did Education generate in 2024?,$7200,grouped_bar,lookup_value,easy,true,train,"annotated grouped bars; procedural gen (seed=44, idx=96)"
syn_grouped_0197__q1,synthetic,gold/images/syn_grouped_0197.png,What was APAC's revenue in H2?,$5400,grouped_bar,lookup_value,easy,true,train,"annotated grouped bars; procedural gen (seed=44, idx=97)"
syn_grouped_0197__q3,synthetic,gold/images/syn_grouped_0197.png,"For LATAM, which half had higher revenue, H1 or H2?",H2,grouped_bar,multi_series_compare,medium,true,train,"annotated grouped bars; procedural gen (seed=44, idx=97)"
syn_grouped_0198__q2,synthetic,gold/images/syn_grouped_0198.png,Which vertical led in revenue in Q3?,Manufacturing,grouped_bar,max_min,easy,true,train,"annotated grouped bars; procedural gen (seed=44, idx=98)"
syn_grouped_0198__q3,synthetic,gold/images/syn_grouped_0198.png,Was Tech's revenue higher in Q3 or Q4?,Q4,grouped_bar,multi_series_compare,medium,true,train,"annotated grouped bars; procedural gen (seed=44, idx=98)"
syn_grouped_0199__q1,synthetic,gold/images/syn_grouped_0199.png,How much revenue did Online generate in Plan?,$8700,grouped_bar,lookup_value,easy,true,train,"annotated grouped bars; procedural gen (seed=44, idx=99)"
syn_grouped_0199__q2,synthetic,gold/images/syn_grouped_0199.png,Which channel made the least revenue in Actual?,Partner,grouped_bar,max_min,easy,true,train,"annotated grouped bars; procedural gen (seed=44, idx=99)"
syn_grouped_0199__q3,synthetic,gold/images/syn_grouped_0199.png,"Between Plan and Actual, which had higher revenue for Online?",Actual,grouped_bar,multi_series_compare,medium,true,train,"annotated grouped bars; procedural gen (seed=44, idx=99)"
syn_grouped_0199__q4,synthetic,gold/images/syn_grouped_0199.png,"Between Direct in Plan and Online in Actual, was the former higher?",No,grouped_bar,hard_multi_step,hard,true,train,"annotated grouped bars; procedural gen (seed=44, idx=99)"
syn_grouped_0200__q3,synthetic,gold/images/syn_grouped_0200.png,"For Education, which year had higher revenue, 2023 or 2024?",2024,grouped_bar,multi_series_compare,medium,true,train,"annotated grouped bars; procedural gen (seed=44, idx=100)"
syn_grouped_0201__q3,synthetic,gold/images/syn_grouped_0201.png,Was MEA's revenue higher in H1 or H2?,H1,grouped_bar,multi_series_compare,medium,true,train,"annotated grouped bars; procedural gen (seed=44, idx=101)"
syn_grouped_0202__q3,synthetic,gold/images/syn_grouped_0202.png,"Between Q1 and Q2, which had higher revenue for Media?",Q2,grouped_bar,multi_series_compare,medium,true,train,"annotated grouped bars; procedural gen (seed=44, idx=102)"
syn_grouped_0202__q4,synthetic,gold/images/syn_grouped_0202.png,"Between Healthcare in Q1 and Retail in Q2, was the former higher?",No,grouped_bar,hard_multi_step,hard,true,train,"annotated grouped bars; procedural gen (seed=44, idx=102)"
syn_grouped_0203__q3,synthetic,gold/images/syn_grouped_0203.png,"For Retail, which period had higher revenue, Plan or Actual?",Actual,grouped_bar,multi_series_compare,medium,true,train,"annotated grouped bars; procedural gen (seed=44, idx=103)"
syn_grouped_0204__q3,synthetic,gold/images/syn_grouped_0204.png,Was Startup's revenue higher in 2024 or 2025?,2025,grouped_bar,multi_series_compare,medium,true,train,"annotated grouped bars; procedural gen (seed=44, idx=104)"
syn_grouped_0205__q2,synthetic,gold/images/syn_grouped_0205.png,Which region made the least revenue in H1?,APAC,grouped_bar,max_min,easy,true,train,"annotated grouped bars; procedural gen (seed=44, idx=105)"
syn_grouped_0205__q3,synthetic,gold/images/syn_grouped_0205.png,"Between H1 and H2, which had higher revenue for EMEA?",H1,grouped_bar,multi_series_compare,medium,true,train,"annotated grouped bars; procedural gen (seed=44, idx=105)"
syn_grouped_0206__q2,synthetic,gold/images/syn_grouped_0206.png,"In Q4, which vertical had the lowest revenue?",Tech,grouped_bar,max_min,easy,true,train,"annotated grouped bars; procedural gen (seed=44, idx=106)"
syn_grouped_0206__q3,synthetic,gold/images/syn_grouped_0206.png,"For Energy, which quarter had higher revenue, Q3 or Q4?",Q3,grouped_bar,multi_series_compare,medium,true,train,"annotated grouped bars; procedural gen (seed=44, idx=106)"
syn_grouped_0207__q1,synthetic,gold/images/syn_grouped_0207.png,Direct revenue in Actual?,$3400,grouped_bar,lookup_value,easy,true,train,"annotated grouped bars; procedural gen (seed=44, idx=107)"
syn_grouped_0207__q3,synthetic,gold/images/syn_grouped_0207.png,Was Wholesale's revenue higher in Plan or Actual?,Plan,grouped_bar,multi_series_compare,medium,true,train,"annotated grouped bars; procedural gen (seed=44, idx=107)"
syn_grouped_0208__q1,synthetic,gold/images/syn_grouped_0208.png,How much revenue did Startup generate in 2025?,$9800,grouped_bar,lookup_value,easy,true,train,"annotated grouped bars; procedural gen (seed=44, idx=108)"
syn_grouped_0208__q3,synthetic,gold/images/syn_grouped_0208.png,"Between 2024 and 2025, which had higher revenue for SMB?",2025,grouped_bar,multi_series_compare,medium,true,train,"annotated grouped bars; procedural gen (seed=44, idx=108)"
syn_grouped_0209__q1,synthetic,gold/images/syn_grouped_0209.png,What was NA's revenue in H1?,$9700,grouped_bar,lookup_value,easy,true,train,"annotated grouped bars; procedural gen (seed=44, idx=109)"
syn_grouped_0209__q3,synthetic,gold/images/syn_grouped_0209.png,"For NA, which half had higher revenue, H1 or H2?",H1,grouped_bar,multi_series_compare,medium,true,train,"annotated grouped bars; procedural gen (seed=44, idx=109)"
syn_grouped_0210__q3,synthetic,gold/images/syn_grouped_0210.png,Was Tech's revenue higher in Q3 or Q4?,Q3,grouped_bar,multi_series_compare,medium,true,train,"annotated grouped bars; procedural gen (seed=44, idx=110)"
syn_grouped_0211__q3,synthetic,gold/images/syn_grouped_0211.png,"Between Plan and Actual, which had higher revenue for Direct?",Actual,grouped_bar,multi_series_compare,medium,true,train,"annotated grouped bars; procedural gen (seed=44, idx=111)"
syn_grouped_0212__q1,synthetic,gold/images/syn_grouped_0212.png,What was Education's revenue in 2024?,$8900,grouped_bar,lookup_value,easy,true,train,"annotated grouped bars; procedural gen (seed=44, idx=112)"
syn_grouped_0212__q3,synthetic,gold/images/syn_grouped_0212.png,"For Nonprofit, which year had higher revenue, 2023 or 2024?",2023,grouped_bar,multi_series_compare,medium,true,train,"annotated grouped bars; procedural gen (seed=44, idx=112)"
syn_grouped_0213__q3,synthetic,gold/images/syn_grouped_0213.png,Was EMEA's revenue higher in H1 or H2?,H2,grouped_bar,multi_series_compare,medium,true,train,"annotated grouped bars; procedural gen (seed=44, idx=113)"
syn_grouped_0214__q1,synthetic,gold/images/syn_grouped_0214.png,How much revenue did Media generate in Q1?,$8000,grouped_bar,lookup_value,easy,true,train,"annotated grouped bars; procedural gen (seed=44, idx=114)"
syn_grouped_0214__q3,synthetic,gold/images/syn_grouped_0214.png,"Between Q1 and Q2, which had higher revenue for Energy?",Q1,grouped_bar,multi_series_compare,medium,true,train,"annotated grouped bars; procedural gen (seed=44, idx=114)"
syn_grouped_0215__q2,synthetic,gold/images/syn_grouped_0215.png,"In Actual, which channel had the highest revenue?",Marketplace,grouped_bar,max_min,easy,true,train,"annotated grouped bars; procedural gen (seed=44, idx=115)"
syn_grouped_0215__q3,synthetic,gold/images/syn_grouped_0215.png,"For Direct, which period had higher revenue, Plan or Actual?",Plan,grouped_bar,multi_series_compare,medium,true,train,"annotated grouped bars; procedural gen (seed=44, idx=115)"
syn_grouped_0216__q3,synthetic,gold/images/syn_grouped_0216.png,Was Consumer's revenue higher in 2024 or 2025?,2025,grouped_bar,multi_series_compare,medium,true,train,"annotated grouped bars; procedural gen (seed=44, idx=116)"
syn_grouped_0217__q3,synthetic,gold/images/syn_grouped_0217.png,"Between H1 and H2, which had higher revenue for APAC?",H2,grouped_bar,multi_series_compare,medium,true,train,"annotated grouped bars; procedural gen (seed=44, idx=117)"
syn_grouped_0217__q4,synthetic,gold/images/syn_grouped_0217.png,"Between APAC in H1 and MEA in H2, was the former higher?",No,grouped_bar,hard_multi_step,hard,true,train,"annotated grouped bars; procedural gen (seed=44, idx=117)"
syn_grouped_0218__q2,synthetic,gold/images/syn_grouped_0218.png,"In Q4, which vertical had the highest revenue?",Energy,grouped_bar,max_min,easy,true,train,"annotated grouped bars; procedural gen (seed=44, idx=118)"
syn_grouped_0218__q3,synthetic,gold/images/syn_grouped_0218.png,"For Energy, which quarter had higher revenue, Q3 or Q4?",Q4,grouped_bar,multi_series_compare,medium,true,train,"annotated grouped bars; procedural gen (seed=44, idx=118)"
syn_grouped_0220__q3,synthetic,gold/images/syn_grouped_0220.png,"Between 2023 and 2024, which had higher revenue for SMB?",2024,grouped_bar,multi_series_compare,medium,true,train,"annotated grouped bars; procedural gen (seed=44, idx=120)"
syn_grouped_0221__q3,synthetic,gold/images/syn_grouped_0221.png,"For LATAM, which half had higher revenue, H1 or H2?",H2,grouped_bar,multi_series_compare,medium,true,train,"annotated grouped bars; procedural gen (seed=44, idx=121)"
syn_grouped_0222__q3,synthetic,gold/images/syn_grouped_0222.png,Was Manufacturing's revenue higher in Q1 or Q2?,Q2,grouped_bar,multi_series_compare,medium,true,train,"annotated grouped bars; procedural gen (seed=44, idx=122)"
syn_grouped_0223__q3,synthetic,gold/images/syn_grouped_0223.png,"Between Plan and Actual, which had higher revenue for Direct?",Actual,grouped_bar,multi_series_compare,medium,true,train,"annotated grouped bars; procedural gen (seed=44, idx=123)"
syn_grouped_0224__q1,synthetic,gold/images/syn_grouped_0224.png,What was Startup's revenue in 2024?,$4900,grouped_bar,lookup_value,easy,true,train,"annotated grouped bars; procedural gen (seed=44, idx=124)"
syn_line_0001__q3,synthetic,gold/images/syn_line_0001.png,Did revenue increase or decrease from Feb to Mar?,Increased,line,trend_direction,easy,true,train,annotated line; correct-by-construction
syn_line_0001__q4,synthetic,gold/images/syn_line_0001.png,What was the percent change in revenue from Jan to Jun?,24.2%,line,percent_change_ratio,medium,true,train,annotated line; correct-by-construction
syn_line_0001__q5,synthetic,gold/images/syn_line_0001.png,Was the increase from Jan to Mar larger than the increase from Apr to Jun?,Yes,line,hard_multi_step,hard,true,train,annotated line; correct-by-construction
syn_line_0002__q1,synthetic,gold/images/syn_line_0002.png,Revenue in Sep?,$7420,line,lookup_value,easy,true,train,annotated line; correct-by-construction
syn_line_0002__q3,synthetic,gold/images/syn_line_0002.png,"From Sep to Oct, did revenue increase or decrease?",Decreased,line,trend_direction,easy,true,train,annotated line; correct-by-construction
syn_line_0003__q3,synthetic,gold/images/syn_line_0003.png,Did users increase or decrease from Mar to Apr?,Increased,line,trend_direction,easy,true,train,annotated line; correct-by-construction
syn_line_0003__q5,synthetic,gold/images/syn_line_0003.png,Was the increase from Jan to Mar larger than the increase from Apr to Jun?,Yes,line,hard_multi_step,hard,true,train,annotated line; correct-by-construction
syn_line_0100__q1,synthetic,gold/images/syn_line_0100.png,How much revenue was recorded in May?,$8200,line,lookup_value,easy,true,train,"annotated line; procedural gen (seed=43, idx=0, trend=down)"
syn_line_0100__q3,synthetic,gold/images/syn_line_0100.png,"Between May and Jun, did revenue increase or decrease?",Decreased,line,trend_direction,easy,true,train,"annotated line; procedural gen (seed=43, idx=0, trend=down)"
syn_line_0100__q5,synthetic,gold/images/syn_line_0100.png,Was revenue growth from Jan to Feb bigger than from Apr to May?,No,line,hard_multi_step,hard,true,train,"annotated line; procedural gen (seed=43, idx=0, trend=down)"
syn_line_0101__q3,synthetic,gold/images/syn_line_0101.png,Did revenue increase or decrease from Q1 to Q2?,Increased,line,trend_direction,easy,true,train,"annotated line; procedural gen (seed=43, idx=1, trend=up)"
syn_line_0101__q4,synthetic,gold/images/syn_line_0101.png,What was the percent change in revenue from Q1 to Q3?,19.3%,line,percent_change_ratio,medium,true,train,"annotated line; procedural gen (seed=43, idx=1, trend=up)"
syn_line_0102__q3,synthetic,gold/images/syn_line_0102.png,"From Mar to Apr, did users increase or decrease?",Increased,line,trend_direction,easy,true,train,"annotated line; procedural gen (seed=43, idx=2, trend=up)"
syn_line_0102__q4,synthetic,gold/images/syn_line_0102.png,By what percent did users change from Mar to Jun?,20.8%,line,percent_change_ratio,medium,true,train,"annotated line; procedural gen (seed=43, idx=2, trend=up)"
syn_line_0103__q1,synthetic,gold/images/syn_line_0103.png,How many signups were there in W8?,1100,line,lookup_value,easy,true,train,"annotated line; procedural gen (seed=43, idx=3, trend=up)"
syn_line_0103__q2,synthetic,gold/images/syn_line_0103.png,In which week were signups lowest?,W1,line,max_min,easy,true,train,"annotated line; procedural gen (seed=43, idx=3, trend=up)"
syn_line_0103__q3,synthetic,gold/images/syn_line_0103.png,Did signups increase or decrease from W6 to W7?,Increased,line,trend_direction,easy,true,train,"annotated line; procedural gen (seed=43, idx=3, trend=up)"
syn_line_0104__q3,synthetic,gold/images/syn_line_0104.png,"From Jul to Aug, did revenue increase or decrease?",Increased,line,trend_direction,easy,true,train,"annotated line; procedural gen (seed=43, idx=4, trend=up)"
syn_line_0105__q3,synthetic,gold/images/syn_line_0105.png,"Between Q3 and Q4, did revenue increase or decrease?",Increased,line,trend_direction,easy,true,train,"annotated line; procedural gen (seed=43, idx=5, trend=down)"
syn_line_0105__q4,synthetic,gold/images/syn_line_0105.png,What was the percentage change in revenue between Q1 and Q3?,-14.2%,line,percent_change_ratio,medium,true,train,"annotated line; procedural gen (seed=43, idx=5, trend=down)"
syn_line_0106__q3,synthetic,gold/images/syn_line_0106.png,"Between May and Jun, did users increase or decrease?",Increased,line,trend_direction,easy,true,train,"annotated line; procedural gen (seed=43, idx=6, trend=flat)"
syn_line_0106__q4,synthetic,gold/images/syn_line_0106.png,What was the percentage change in users between Feb and Apr?,-6.7%,line,percent_change_ratio,medium,true,train,"annotated line; procedural gen (seed=43, idx=6, trend=flat)"
syn_line_0106__q5,synthetic,gold/images/syn_line_0106.png,Was user growth from Mar to Apr bigger than from Apr to Jun?,No,line,hard_multi_step,hard,true,train,"annotated line; procedural gen (seed=43, idx=6, trend=flat)"
syn_line_0107__q3,synthetic,gold/images/syn_line_0107.png,"From W2 to W3, did signups increase or decrease?",Decreased,line,trend_direction,easy,true,train,"annotated line; procedural gen (seed=43, idx=7, trend=down)"
syn_line_0109__q3,synthetic,gold/images/syn_line_0109.png,"From Q1 to Q2, did revenue increase or decrease?",Decreased,line,trend_direction,easy,true,train,"annotated line; procedural gen (seed=43, idx=9, trend=flat)"
syn_line_0109__q4,synthetic,gold/images/syn_line_0109.png,By what percent did revenue change from Q2 to Q4?,-15.5%,line,percent_change_ratio,medium,true,train,"annotated line; procedural gen (seed=43, idx=9, trend=flat)"
syn_line_0109__q5,synthetic,gold/images/syn_line_0109.png,Did the Q1-to-Q2 change exceed the Q3-to-Q4 change?,No,line,hard_multi_step,hard,true,train,"annotated line; procedural gen (seed=43, idx=9, trend=flat)"
syn_line_0110__q1,synthetic,gold/images/syn_line_0110.png,How many users were there in Dec?,22100,line,lookup_value,easy,true,train,"annotated line; procedural gen (seed=43, idx=10, trend=flat)"
syn_line_0110__q3,synthetic,gold/images/syn_line_0110.png,Did users increase or decrease from Nov to Dec?,Increased,line,trend_direction,easy,true,train,"annotated line; procedural gen (seed=43, idx=10, trend=flat)"
syn_line_0111__q1,synthetic,gold/images/syn_line_0111.png,What was the signup count in W8?,700,line,lookup_value,easy,true,train,"annotated line; procedural gen (seed=43, idx=11, trend=flat)"
syn_line_0111__q3,synthetic,gold/images/syn_line_0111.png,"Between W5 and W6, did signups increase or decrease?",Decreased,line,trend_direction,easy,true,train,"annotated line; procedural gen (seed=43, idx=11, trend=flat)"
syn_line_0112__q1,synthetic,gold/images/syn_line_0112.png,How much revenue was recorded in Apr?,$6600,line,lookup_value,easy,true,train,"annotated line; procedural gen (seed=43, idx=12, trend=flat)"
syn_line_0112__q3,synthetic,gold/images/syn_line_0112.png,"Between Apr and May, did revenue increase or decrease?",Increased,line,trend_direction,easy,true,train,"annotated line; procedural gen (seed=43, idx=12, trend=flat)"
syn_line_0112__q4,synthetic,gold/images/syn_line_0112.png,What was the percentage change in revenue between Apr and Jun?,1.5%,line,percent_change_ratio,medium,true,train,"annotated line; procedural gen (seed=43, idx=12, trend=flat)"
syn_line_0113__q1,synthetic,gold/images/syn_line_0113.png,What was the revenue in Q4?,$27600,line,lookup_value,easy,true,train,"annotated line; procedural gen (seed=43, idx=13, trend=down)"
syn_line_0113__q2,synthetic,gold/images/syn_line_0113.png,In which quarter was revenue highest?,Q2,line,max_min,easy,true,train,"annotated line; procedural gen (seed=43, idx=13, trend=down)"
syn_line_0113__q4,synthetic,gold/images/syn_line_0113.png,What was the percent change in revenue from Q2 to Q4?,-20.7%,line,percent_change_ratio,medium,true,train,"annotated line; procedural gen (seed=43, idx=13, trend=down)"
syn_line_0114__q1,synthetic,gold/images/syn_line_0114.png,Users in Apr?,21600,line,lookup_value,easy,true,train,"annotated line; procedural gen (seed=43, idx=14, trend=down)"
syn_line_0114__q3,synthetic,gold/images/syn_line_0114.png,"From Jan to Feb, did users increase or decrease?",Decreased,line,trend_direction,easy,true,train,"annotated line; procedural gen (seed=43, idx=14, trend=down)"
syn_line_0115__q1,synthetic,gold/images/syn_line_0115.png,How many signups were there in W5?,800,line,lookup_value,easy,true,train,"annotated line; procedural gen (seed=43, idx=15, trend=up)"
syn_line_0115__q3,synthetic,gold/images/syn_line_0115.png,Did signups increase or decrease from W5 to W6?,Decreased,line,trend_direction,easy,true,train,"annotated line; procedural gen (seed=43, idx=15, trend=up)"
syn_line_0116__q3,synthetic,gold/images/syn_line_0116.png,"From Jul to Aug, did revenue increase or decrease?",Decreased,line,trend_direction,easy,true,train,"annotated line; procedural gen (seed=43, idx=16, trend=flat)"
syn_line_0116__q4,synthetic,gold/images/syn_line_0116.png,By what percent did revenue change from Jul to Dec?,16.7%,line,percent_change_ratio,medium,true,train,"annotated line; procedural gen (seed=43, idx=16, trend=flat)"
syn_line_0117__q3,synthetic,gold/images/syn_line_0117.png,"Between Q1 and Q2, did revenue increase or decrease?",Decreased,line,trend_direction,easy,true,train,"annotated line; procedural gen (seed=43, idx=17, trend=down)"
syn_line_0117__q4,synthetic,gold/images/syn_line_0117.png,What was the percentage change in revenue between Q1 and Q4?,-5.0%,line,percent_change_ratio,medium,true,train,"annotated line; procedural gen (seed=43, idx=17, trend=down)"
syn_line_0118__q1,synthetic,gold/images/syn_line_0118.png,What was the user count in Dec?,20200,line,lookup_value,easy,true,train,"annotated line; procedural gen (seed=43, idx=18, trend=up)"
syn_line_0118__q3,synthetic,gold/images/syn_line_0118.png,"Between Nov and Dec, did users increase or decrease?",Increased,line,trend_direction,easy,true,train,"annotated line; procedural gen (seed=43, idx=18, trend=up)"
syn_line_0118__q4,synthetic,gold/images/syn_line_0118.png,What was the percentage change in users between Oct and Dec?,47.4%,line,percent_change_ratio,medium,true,train,"annotated line; procedural gen (seed=43, idx=18, trend=up)"
syn_line_0119__q1,synthetic,gold/images/syn_line_0119.png,Signups in W8?,400,line,lookup_value,easy,true,train,"annotated line; procedural gen (seed=43, idx=19, trend=flat)"
syn_line_0119__q3,synthetic,gold/images/syn_line_0119.png,"From W1 to W2, did signups increase or decrease?",Increased,line,trend_direction,easy,true,train,"annotated line; procedural gen (seed=43, idx=19, trend=flat)"
syn_line_0120__q4,synthetic,gold/images/syn_line_0120.png,What was the percent change in revenue from Jul to Dec?,-22.1%,line,percent_change_ratio,medium,true,train,"annotated line; procedural gen (seed=43, idx=20, trend=down)"
syn_line_0121__q3,synthetic,gold/images/syn_line_0121.png,"From Q2 to Q3, did revenue increase or decrease?",Decreased,line,trend_direction,easy,true,train,"annotated line; procedural gen (seed=43, idx=21, trend=flat)"
syn_line_0121__q4,synthetic,gold/images/syn_line_0121.png,By what percent did revenue change from Q2 to Q4?,-2.8%,line,percent_change_ratio,medium,true,train,"annotated line; procedural gen (seed=43, idx=21, trend=flat)"
syn_line_0122__q3,synthetic,gold/images/syn_line_0122.png,Did users increase or decrease from Aug to Sep?,Increased,line,trend_direction,easy,true,train,"annotated line; procedural gen (seed=43, idx=22, trend=flat)"
syn_line_0122__q4,synthetic,gold/images/syn_line_0122.png,What was the percent change in users from Sep to Dec?,18.6%,line,percent_change_ratio,medium,true,train,"annotated line; procedural gen (seed=43, idx=22, trend=flat)"
syn_line_0123__q1,synthetic,gold/images/syn_line_0123.png,What was the signup count in W4?,900,line,lookup_value,easy,true,train,"annotated line; procedural gen (seed=43, idx=23, trend=flat)"
syn_line_0123__q3,synthetic,gold/images/syn_line_0123.png,"Between W6 and W7, did signups increase or decrease?",Increased,line,trend_direction,easy,true,train,"annotated line; procedural gen (seed=43, idx=23, trend=flat)"
syn_line_0124__q1,synthetic,gold/images/syn_line_0124.png,How much revenue was recorded in Jul?,$5400,line,lookup_value,easy,true,train,"annotated line; procedural gen (seed=43, idx=24, trend=up)"
syn_line_0124__q3,synthetic,gold/images/syn_line_0124.png,"Between Nov and Dec, did revenue increase or decrease?",Decreased,line,trend_direction,easy,true,train,"annotated line; procedural gen (seed=43, idx=24, trend=up)"
syn_line_0124__q4,synthetic,gold/images/syn_line_0124.png,What was the percentage change in revenue between Oct and Dec?,-5.8%,line,percent_change_ratio,medium,true,train,"annotated line; procedural gen (seed=43, idx=24, trend=up)"
syn_line_0125__q3,synthetic,gold/images/syn_line_0125.png,Did revenue increase or decrease from Q3 to Q4?,Decreased,line,trend_direction,easy,true,train,"annotated line; procedural gen (seed=43, idx=25, trend=up)"
syn_line_0126__q3,synthetic,gold/images/syn_line_0126.png,"From Mar to Apr, did users increase or decrease?",Decreased,line,trend_direction,easy,true,train,"annotated line; procedural gen (seed=43, idx=26, trend=up)"
syn_line_0126__q4,synthetic,gold/images/syn_line_0126.png,By what percent did users change from Feb to May?,11.4%,line,percent_change_ratio,medium,true,train,"annotated line; procedural gen (seed=43, idx=26, trend=up)"
syn_line_0127__q1,synthetic,gold/images/syn_line_0127.png,How many signups were there in W6?,400,line,lookup_value,easy,true,train,"annotated line; procedural gen (seed=43, idx=27, trend=down)"
syn_line_0127__q2,synthetic,gold/images/syn_line_0127.png,In which week were signups highest?,W1,line,max_min,easy,true,train,"annotated line; procedural gen (seed=43, idx=27, trend=down)"
syn_line_0127__q3,synthetic,gold/images/syn_line_0127.png,Did signups increase or decrease from W1 to W2?,Decreased,line,trend_direction,easy,true,train,"annotated line; procedural gen (seed=43, idx=27, trend=down)"
syn_line_0127__q5,synthetic,gold/images/syn_line_0127.png,Was the increase from W1 to W3 larger than the increase from W7 to W8?,No,line,hard_multi_step,hard,true,train,"annotated line; procedural gen (seed=43, idx=27, trend=down)"
syn_line_0128__q1,synthetic,gold/images/syn_line_0128.png,Revenue in Jan?,$7600,line,lookup_value,easy,true,train,"annotated line; procedural gen (seed=43, idx=28, trend=flat)"
syn_line_0128__q3,synthetic,gold/images/syn_line_0128.png,"From Mar to Apr, did revenue increase or decrease?",Decreased,line,trend_direction,easy,true,train,"annotated line; procedural gen (seed=43, idx=28, trend=flat)"
syn_line_0129__q3,synthetic,gold/images/syn_line_0129.png,"Between Q3 and Q4, did revenue increase or decrease?",Decreased,line,trend_direction,easy,true,train,"annotated line; procedural gen (seed=43, idx=29, trend=flat)"
syn_line_0129__q4,synthetic,gold/images/syn_line_0129.png,What was the percentage change in revenue between Q1 and Q3?,11.9%,line,percent_change_ratio,medium,true,train,"annotated line; procedural gen (seed=43, idx=29, trend=flat)"
syn_line_0130__q3,synthetic,gold/images/syn_line_0130.png,"Between Jan and Feb, did users increase or decrease?",Decreased,line,trend_direction,easy,true,train,"annotated line; procedural gen (seed=43, idx=30, trend=down)"
syn_line_0130__q5,synthetic,gold/images/syn_line_0130.png,Was user growth from Mar to Apr bigger than from May to Jun?,Yes,line,hard_multi_step,hard,true,train,"annotated line; procedural gen (seed=43, idx=30, trend=down)"
syn_line_0131__q3,synthetic,gold/images/syn_line_0131.png,"From W3 to W4, did signups increase or decrease?",Unchanged,line,trend_direction,easy,true,train,"annotated line; procedural gen (seed=43, idx=31, trend=up)"
syn_line_0131__q4,synthetic,gold/images/syn_line_0131.png,By what percent did signups change from W3 to W6?,12.5%,line,percent_change_ratio,medium,true,train,"annotated line; procedural gen (seed=43, idx=31, trend=up)"
syn_line_0132__q4,synthetic,gold/images/syn_line_0132.png,What was the percent change in revenue from Aug to Dec?,10.7%,line,percent_change_ratio,medium,true,train,"annotated line; procedural gen (seed=43, idx=32, trend=flat)"
syn_line_0133__q2,synthetic,gold/images/syn_line_0133.png,Which quarter had the highest revenue?,Q1,line,max_min,easy,true,train,"annotated line; procedural gen (seed=43, idx=33, trend=down)"
syn_line_0133__q3,synthetic,gold/images/syn_line_0133.png,"From Q1 to Q2, did revenue increase or decrease?",Decreased,line,trend_direction,easy,true,train,"annotated line; procedural gen (seed=43, idx=33, trend=down)"
syn_line_0133__q4,synthetic,gold/images/syn_line_0133.png,By what percent did revenue change from Q1 to Q4?,-19.5%,line,percent_change_ratio,medium,true,train,"annotated line; procedural gen (seed=43, idx=33, trend=down)"
syn_line_0134__q3,synthetic,gold/images/syn_line_0134.png,Did users increase or decrease from Sep to Oct?,Decreased,line,trend_direction,easy,true,train,"annotated line; procedural gen (seed=43, idx=34, trend=flat)"
syn_line_0134__q4,synthetic,gold/images/syn_line_0134.png,What was the percent change in users from Jul to Nov?,-32.9%,line,percent_change_ratio,medium,true,train,"annotated line; procedural gen (seed=43, idx=34, trend=flat)"
syn_line_0135__q2,synthetic,gold/images/syn_line_0135.png,Which week peaked in signups?,W8,line,max_min,easy,true,train,"annotated line; procedural gen (seed=43, idx=35, trend=up)"
syn_line_0135__q3,synthetic,gold/images/syn_line_0135.png,"Between W2 and W3, did signups increase or decrease?",Decreased,line,trend_direction,easy,true,train,"annotated line; procedural gen (seed=43, idx=35, trend=up)"
syn_line_0135__q4,synthetic,gold/images/syn_line_0135.png,What was the percentage change in signups between W3 and W6?,80.0%,line,percent_change_ratio,medium,true,train,"annotated line; procedural gen (seed=43, idx=35, trend=up)"
syn_line_0136__q1,synthetic,gold/images/syn_line_0136.png,How much revenue was recorded in Jul?,$9600,line,lookup_value,easy,true,train,"annotated line; procedural gen (seed=43, idx=36, trend=down)"
syn_line_0136__q3,synthetic,gold/images/syn_line_0136.png,"Between Oct and Nov, did revenue increase or decrease?",Decreased,line,trend_direction,easy,true,train,"annotated line; procedural gen (seed=43, idx=36, trend=down)"
syn_line_0136__q4,synthetic,gold/images/syn_line_0136.png,What was the percentage change in revenue between Sep and Nov?,-18.8%,line,percent_change_ratio,medium,true,train,"annotated line; procedural gen (seed=43, idx=36, trend=down)"
syn_line_0137__q2,synthetic,gold/images/syn_line_0137.png,In which quarter was revenue highest?,Q4,line,max_min,easy,true,train,"annotated line; procedural gen (seed=43, idx=37, trend=flat)"
syn_line_0137__q3,synthetic,gold/images/syn_line_0137.png,Did revenue increase or decrease from Q1 to Q2?,Increased,line,trend_direction,easy,true,train,"annotated line; procedural gen (seed=43, idx=37, trend=flat)"
syn_line_0138__q3,synthetic,gold/images/syn_line_0138.png,"From Apr to May, did users increase or decrease?",Increased,line,trend_direction,easy,true,train,"annotated line; procedural gen (seed=43, idx=38, trend=down)"
syn_line_0139__q1,synthetic,gold/images/syn_line_0139.png,How many signups were there in W4?,800,line,lookup_value,easy,true,train,"annotated line; procedural gen (seed=43, idx=39, trend=down)"
syn_line_0139__q2,synthetic,gold/images/syn_line_0139.png,In which week were signups lowest?,W8,line,max_min,easy,true,train,"annotated line; procedural gen (seed=43, idx=39, trend=down)"
syn_line_0139__q4,synthetic,gold/images/syn_line_0139.png,What was the percent change in signups from W4 to W7?,-12.5%,line,percent_change_ratio,medium,true,train,"annotated line; procedural gen (seed=43, idx=39, trend=down)"
syn_line_0140__q2,synthetic,gold/images/syn_line_0140.png,Which month had the lowest revenue?,Jun,line,max_min,easy,true,train,"annotated line; procedural gen (seed=43, idx=40, trend=flat)"
syn_line_0141__q3,synthetic,gold/images/syn_line_0141.png,"Between Q1 and Q2, did revenue increase or decrease?",Increased,line,trend_direction,easy,true,train,"annotated line; procedural gen (seed=43, idx=41, trend=up)"
syn_line_0142__q1,synthetic,gold/images/syn_line_0142.png,What was the user count in Nov?,26200,line,lookup_value,easy,true,train,"annotated line; procedural gen (seed=43, idx=42, trend=flat)"
syn_line_0142__q3,synthetic,gold/images/syn_line_0142.png,"Between Nov and Dec, did users increase or decrease?",Increased,line,trend_direction,easy,true,train,"annotated line; procedural gen (seed=43, idx=42, trend=flat)"
syn_line_0142__q4,synthetic,gold/images/syn_line_0142.png,What was the percentage change in users between Aug and Nov?,33.7%,line,percent_change_ratio,medium,true,train,"annotated line; procedural gen (seed=43, idx=42, trend=flat)"
syn_line_0143__q3,synthetic,gold/images/syn_line_0143.png,"From W5 to W6, did signups increase or decrease?",Decreased,line,trend_direction,easy,true,train,"annotated line; procedural gen (seed=43, idx=43, trend=down)"
syn_line_0143__q4,synthetic,gold/images/syn_line_0143.png,By what percent did signups change from W4 to W6?,-42.9%,line,percent_change_ratio,medium,true,train,"annotated line; procedural gen (seed=43, idx=43, trend=down)"
syn_line_0144__q1,synthetic,gold/images/syn_line_0144.png,What was the revenue in Jun?,$6300,line,lookup_value,easy,true,train,"annotated line; procedural gen (seed=43, idx=44, trend=down)"
syn_line_0144__q3,synthetic,gold/images/syn_line_0144.png,Did revenue increase or decrease from Apr to May?,Decreased,line,trend_direction,easy,true,train,"annotated line; procedural gen (seed=43, idx=44, trend=down)"
syn_line_0145__q1,synthetic,gold/images/syn_line_0145.png,Revenue in Q3?,$35500,line,lookup_value,easy,true,train,"annotated line; procedural gen (seed=43, idx=45, trend=down)"
syn_line_0145__q3,synthetic,gold/images/syn_line_0145.png,"From Q1 to Q2, did revenue increase or decrease?",Decreased,line,trend_direction,easy,true,train,"annotated line; procedural gen (seed=43, idx=45, trend=down)"
syn_line_0146__q3,synthetic,gold/images/syn_line_0146.png,Did users increase or decrease from Aug to Sep?,Decreased,line,trend_direction,easy,true,train,"annotated line; procedural gen (seed=43, idx=46, trend=down)"
syn_line_0147__q1,synthetic,gold/images/syn_line_0147.png,What was the signup count in W6?,1400,line,lookup_value,easy,true,train,"annotated line; procedural gen (seed=43, idx=47, trend=flat)"
syn_line_0147__q2,synthetic,gold/images/syn_line_0147.png,Which week recorded the lowest signup count?,W1,line,max_min,easy,true,train,"annotated line; procedural gen (seed=43, idx=47, trend=flat)"
syn_line_0147__q3,synthetic,gold/images/syn_line_0147.png,"Between W7 and W8, did signups increase or decrease?",Decreased,line,trend_direction,easy,true,train,"annotated line; procedural gen (seed=43, idx=47, trend=flat)"
syn_line_0147__q4,synthetic,gold/images/syn_line_0147.png,What was the percentage change in signups between W6 and W8?,-21.4%,line,percent_change_ratio,medium,true,train,"annotated line; procedural gen (seed=43, idx=47, trend=flat)"
syn_line_0148__q3,synthetic,gold/images/syn_line_0148.png,"Between Aug and Sep, did revenue increase or decrease?",Decreased,line,trend_direction,easy,true,train,"annotated line; procedural gen (seed=43, idx=48, trend=up)"
syn_line_0149__q1,synthetic,gold/images/syn_line_0149.png,What was the revenue in Q1?,$26400,line,lookup_value,easy,true,train,"annotated line; procedural gen (seed=43, idx=49, trend=flat)"
syn_line_0149__q3,synthetic,gold/images/syn_line_0149.png,Did revenue increase or decrease from Q2 to Q3?,Increased,line,trend_direction,easy,true,train,"annotated line; procedural gen (seed=43, idx=49, trend=flat)"
syn_line_0150__q3,synthetic,gold/images/syn_line_0150.png,"From Sep to Oct, did users increase or decrease?",Increased,line,trend_direction,easy,true,train,"annotated line; procedural gen (seed=43, idx=50, trend=up)"
syn_line_0151__q3,synthetic,gold/images/syn_line_0151.png,Did signups increase or decrease from W6 to W7?,Increased,line,trend_direction,easy,true,train,"annotated line; procedural gen (seed=43, idx=51, trend=up)"
syn_line_0151__q4,synthetic,gold/images/syn_line_0151.png,What was the percent change in signups from W3 to W6?,14.3%,line,percent_change_ratio,medium,true,train,"annotated line; procedural gen (seed=43, idx=51, trend=up)"
syn_line_0152__q2,synthetic,gold/images/syn_line_0152.png,Which month had the lowest revenue?,Jul,line,max_min,easy,true,train,"annotated line; procedural gen (seed=43, idx=52, trend=up)"
syn_line_0152__q4,synthetic,gold/images/syn_line_0152.png,By what percent did revenue change from Sep to Nov?,19.0%,line,percent_change_ratio,medium,true,train,"annotated line; procedural gen (seed=43, idx=52, trend=up)"
syn_line_0153__q1,synthetic,gold/images/syn_line_0153.png,How much revenue was recorded in Q1?,$34700,line,lookup_value,easy,true,train,"annotated line; procedural gen (seed=43, idx=53, trend=flat)"
syn_line_0153__q3,synthetic,gold/images/syn_line_0153.png,"Between Q2 and Q3, did revenue increase or decrease?",Decreased,line,trend_direction,easy,true,train,"annotated line; procedural gen (seed=43, idx=53, trend=flat)"
syn_line_0154__q1,synthetic,gold/images/syn_line_0154.png,What was the user count in Oct?,28500,line,lookup_value,easy,true,train,"annotated line; procedural gen (seed=43, idx=54, trend=flat)"
syn_line_0154__q3,synthetic,gold/images/syn_line_0154.png,"Between Jul and Aug, did users increase or decrease?",Increased,line,trend_direction,easy,true,train,"annotated line; procedural gen (seed=43, idx=54, trend=flat)"
syn_line_0154__q4,synthetic,gold/images/syn_line_0154.png,What was the percentage change in users between Oct and Dec?,2.1%,line,percent_change_ratio,medium,true,train,"annotated line; procedural gen (seed=43, idx=54, trend=flat)"
syn_line_0154__q5,synthetic,gold/images/syn_line_0154.png,Was user growth from Sep to Oct bigger than from Nov to Dec?,Yes,line,hard_multi_step,hard,true,train,"annotated line; procedural gen (seed=43, idx=54, trend=flat)"
syn_line_0155__q3,synthetic,gold/images/syn_line_0155.png,"From W5 to W6, did signups increase or decrease?",Increased,line,trend_direction,easy,true,train,"annotated line; procedural gen (seed=43, idx=55, trend=down)"
syn_line_0155__q4,synthetic,gold/images/syn_line_0155.png,By what percent did signups change from W3 to W8?,-38.5%,line,percent_change_ratio,medium,true,train,"annotated line; procedural gen (seed=43, idx=55, trend=down)"
syn_line_0156__q3,synthetic,gold/images/syn_line_0156.png,Did revenue increase or decrease from Jul to Aug?,Decreased,line,trend_direction,easy,true,train,"annotated line; procedural gen (seed=43, idx=56, trend=flat)"
syn_line_0157__q1,synthetic,gold/images/syn_line_0157.png,Revenue in Q4?,$36300,line,lookup_value,easy,true,train,"annotated line; procedural gen (seed=43, idx=57, trend=flat)"
syn_line_0157__q3,synthetic,gold/images/syn_line_0157.png,"From Q1 to Q2, did revenue increase or decrease?",Increased,line,trend_direction,easy,true,train,"annotated line; procedural gen (seed=43, idx=57, trend=flat)"
syn_line_0157__q4,synthetic,gold/images/syn_line_0157.png,By what percent did revenue change from Q2 to Q4?,2.5%,line,percent_change_ratio,medium,true,train,"annotated line; procedural gen (seed=43, idx=57, trend=flat)"
syn_line_0158__q4,synthetic,gold/images/syn_line_0158.png,What was the percent change in users from Oct to Dec?,4.9%,line,percent_change_ratio,medium,true,train,"annotated line; procedural gen (seed=43, idx=58, trend=flat)"
syn_line_0159__q3,synthetic,gold/images/syn_line_0159.png,"Between W3 and W4, did signups increase or decrease?",Decreased,line,trend_direction,easy,true,train,"annotated line; procedural gen (seed=43, idx=59, trend=up)"
syn_line_0160__q1,synthetic,gold/images/syn_line_0160.png,How much revenue was recorded in Jun?,$6300,line,lookup_value,easy,true,train,"annotated line; procedural gen (seed=43, idx=60, trend=up)"
syn_line_0160__q3,synthetic,gold/images/syn_line_0160.png,"Between Jan and Feb, did revenue increase or decrease?",Increased,line,trend_direction,easy,true,train,"annotated line; procedural gen (seed=43, idx=60, trend=up)"
syn_line_0161__q1,synthetic,gold/images/syn_line_0161.png,What was the revenue in Q3?,$20200,line,lookup_value,easy,true,train,"annotated line; procedural gen (seed=43, idx=61, trend=flat)"
syn_line_0161__q2,synthetic,gold/images/syn_line_0161.png,In which quarter was revenue lowest?,Q4,line,max_min,easy,true,train,"annotated line; procedural gen (seed=43, idx=61, trend=flat)"
syn_line_0161__q3,synthetic,gold/images/syn_line_0161.png,Did revenue increase or decrease from Q3 to Q4?,Decreased,line,trend_direction,easy,true,train,"annotated line; procedural gen (seed=43, idx=61, trend=flat)"
syn_line_0161__q4,synthetic,gold/images/syn_line_0161.png,What was the percent change in revenue from Q2 to Q4?,-16.0%,line,percent_change_ratio,medium,true,train,"annotated line; procedural gen (seed=43, idx=61, trend=flat)"
syn_line_0162__q2,synthetic,gold/images/syn_line_0162.png,Which month had the fewest users?,May,line,max_min,easy,true,train,"annotated line; procedural gen (seed=43, idx=62, trend=down)"
syn_line_0162__q3,synthetic,gold/images/syn_line_0162.png,"From Mar to Apr, did users increase or decrease?",Increased,line,trend_direction,easy,true,train,"annotated line; procedural gen (seed=43, idx=62, trend=down)"
syn_line_0162__q4,synthetic,gold/images/syn_line_0162.png,By what percent did users change from Mar to Jun?,-1.7%,line,percent_change_ratio,medium,true,train,"annotated line; procedural gen (seed=43, idx=62, trend=down)"
syn_line_0163__q2,synthetic,gold/images/syn_line_0163.png,In which week were signups lowest?,W4,line,max_min,easy,true,train,"annotated line; procedural gen (seed=43, idx=63, trend=flat)"
syn_line_0163__q3,synthetic,gold/images/syn_line_0163.png,Did signups increase or decrease from W3 to W4?,Decreased,line,trend_direction,easy,true,train,"annotated line; procedural gen (seed=43, idx=63, trend=flat)"
syn_line_0163__q4,synthetic,gold/images/syn_line_0163.png,What was the percent change in signups from W2 to W8?,9.1%,line,percent_change_ratio,medium,true,train,"annotated line; procedural gen (seed=43, idx=63, trend=flat)"
syn_line_0164__q3,synthetic,gold/images/syn_line_0164.png,"From Jul to Aug, did revenue increase or decrease?",Increased,line,trend_direction,easy,true,train,"annotated line; procedural gen (seed=43, idx=64, trend=flat)"
syn_line_0164__q4,synthetic,gold/images/syn_line_0164.png,By what percent did revenue change from Oct to Dec?,1.4%,line,percent_change_ratio,medium,true,train,"annotated line; procedural gen (seed=43, idx=64, trend=flat)"
syn_line_0165__q3,synthetic,gold/images/syn_line_0165.png,"Between Q2 and Q3, did revenue increase or decrease?",Increased,line,trend_direction,easy,true,train,"annotated line; procedural gen (seed=43, idx=65, trend=flat)"
syn_line_0166__q1,synthetic,gold/images/syn_line_0166.png,What was the user count in Oct?,21100,line,lookup_value,easy,true,train,"annotated line; procedural gen (seed=43, idx=66, trend=down)"
syn_line_0166__q2,synthetic,gold/images/syn_line_0166.png,Which month recorded the lowest user count?,Dec,line,max_min,easy,true,train,"annotated line; procedural gen (seed=43, idx=66, trend=down)"
syn_line_0166__q3,synthetic,gold/images/syn_line_0166.png,"Between Aug and Sep, did users increase or decrease?",Decreased,line,trend_direction,easy,true,train,"annotated line; procedural gen (seed=43, idx=66, trend=down)"
syn_line_0167__q2,synthetic,gold/images/syn_line_0167.png,Which week had the most signups?,W1,line,max_min,easy,true,train,"annotated line; procedural gen (seed=43, idx=67, trend=down)"
syn_line_0167__q3,synthetic,gold/images/syn_line_0167.png,"From W7 to W8, did signups increase or decrease?",Decreased,line,trend_direction,easy,true,train,"annotated line; procedural gen (seed=43, idx=67, trend=down)"
syn_line_0168__q1,synthetic,gold/images/syn_line_0168.png,What was the revenue in Feb?,$8100,line,lookup_value,easy,true,train,"annotated line; procedural gen (seed=43, idx=68, trend=down)"
syn_line_0168__q3,synthetic,gold/images/syn_line_0168.png,Did revenue increase or decrease from Mar to Apr?,Decreased,line,trend_direction,easy,true,train,"annotated line; procedural gen (seed=43, idx=68, trend=down)"
syn_line_0169__q1,synthetic,gold/images/syn_line_0169.png,Revenue in Q3?,$29200,line,lookup_value,easy,true,train,"annotated line; procedural gen (seed=43, idx=69, trend=up)"
syn_line_0169__q2,synthetic,gold/images/syn_line_0169.png,Which quarter had the lowest revenue?,Q1,line,max_min,easy,true,train,"annotated line; procedural gen (seed=43, idx=69, trend=up)"
syn_line_0169__q5,synthetic,gold/images/syn_line_0169.png,Did the Q1-to-Q2 change exceed the Q3-to-Q4 change?,No,line,hard_multi_step,hard,true,train,"annotated line; procedural gen (seed=43, idx=69, trend=up)"
syn_line_0170__q3,synthetic,gold/images/syn_line_0170.png,Did users increase or decrease from Mar to Apr?,Increased,line,trend_direction,easy,true,train,"annotated line; procedural gen (seed=43, idx=70, trend=down)"
syn_line_0170__q4,synthetic,gold/images/syn_line_0170.png,What was the percent change in users from Apr to Jun?,-25.6%,line,percent_change_ratio,medium,true,train,"annotated line; procedural gen (seed=43, idx=70, trend=down)"
syn_line_0171__q2,synthetic,gold/images/syn_line_0171.png,Which week peaked in signups?,W1,line,max_min,easy,true,train,"annotated line; procedural gen (seed=43, idx=71, trend=down)"
syn_line_0171__q3,synthetic,gold/images/syn_line_0171.png,"Between W4 and W5, did signups increase or decrease?",Decreased,line,trend_direction,easy,true,train,"annotated line; procedural gen (seed=43, idx=71, trend=down)"
syn_line_0172__q1,synthetic,gold/images/syn_line_0172.png,How much revenue was recorded in Jun?,$9100,line,lookup_value,easy,true,train,"annotated line; procedural gen (seed=43, idx=72, trend=down)"
syn_line_0172__q3,synthetic,gold/images/syn_line_0172.png,"Between May and Jun, did revenue increase or decrease?",Increased,line,trend_direction,easy,true,train,"annotated line; procedural gen (seed=43, idx=72, trend=down)"
syn_line_0173__q1,synthetic,gold/images/syn_line_0173.png,What was the revenue in Q2?,$35200,line,lookup_value,easy,true,train,"annotated line; procedural gen (seed=43, idx=73, trend=flat)"
syn_line_0173__q3,synthetic,gold/images/syn_line_0173.png,Did revenue increase or decrease from Q2 to Q3?,Increased,line,trend_direction,easy,true,train,"annotated line; procedural gen (seed=43, idx=73, trend=flat)"
syn_line_0173__q4,synthetic,gold/images/syn_line_0173.png,What was the percent change in revenue from Q2 to Q4?,-2.3%,line,percent_change_ratio,medium,true,train,"annotated line; procedural gen (seed=43, idx=73, trend=flat)"
syn_line_0174__q2,synthetic,gold/images/syn_line_0174.png,Which month had the most users?,Jan,line,max_min,easy,true,train,"annotated line; procedural gen (seed=43, idx=74, trend=flat)"
syn_line_0174__q3,synthetic,gold/images/syn_line_0174.png,"From Jan to Feb, did users increase or decrease?",Decreased,line,trend_direction,easy,true,train,"annotated line; procedural gen (seed=43, idx=74, trend=flat)"
syn_line_0174__q4,synthetic,gold/images/syn_line_0174.png,By what percent did users change from Feb to May?,-28.9%,line,percent_change_ratio,medium,true,train,"annotated line; procedural gen (seed=43, idx=74, trend=flat)"
syn_line_0175__q3,synthetic,gold/images/syn_line_0175.png,Did signups increase or decrease from W5 to W6?,Increased,line,trend_direction,easy,true,train,"annotated line; procedural gen (seed=43, idx=75, trend=up)"
syn_line_0175__q4,synthetic,gold/images/syn_line_0175.png,What was the percent change in signups from W6 to W8?,10.0%,line,percent_change_ratio,medium,true,train,"annotated line; procedural gen (seed=43, idx=75, trend=up)"
syn_line_0176__q1,synthetic,gold/images/syn_line_0176.png,Revenue in Feb?,$6600,line,lookup_value,easy,true,train,"annotated line; procedural gen (seed=43, idx=76, trend=flat)"
syn_line_0176__q2,synthetic,gold/images/syn_line_0176.png,Which month had the lowest revenue?,Jun,line,max_min,easy,true,train,"annotated line; procedural gen (seed=43, idx=76, trend=flat)"
syn_line_0176__q3,synthetic,gold/images/syn_line_0176.png,"From Feb to Mar, did revenue increase or decrease?",Increased,line,trend_direction,easy,true,train,"annotated line; procedural gen (seed=43, idx=76, trend=flat)"
syn_line_0177__q2,synthetic,gold/images/syn_line_0177.png,Which quarter recorded the lowest revenue?,Q1,line,max_min,easy,true,train,"annotated line; procedural gen (seed=43, idx=77, trend=up)"
syn_line_0177__q3,synthetic,gold/images/syn_line_0177.png,"Between Q3 and Q4, did revenue increase or decrease?",Increased,line,trend_direction,easy,true,train,"annotated line; procedural gen (seed=43, idx=77, trend=up)"
syn_line_0178__q3,synthetic,gold/images/syn_line_0178.png,"Between Jan and Feb, did users increase or decrease?",Decreased,line,trend_direction,easy,true,train,"annotated line; procedural gen (seed=43, idx=78, trend=down)"
syn_line_0178__q4,synthetic,gold/images/syn_line_0178.png,What was the percentage change in users between Jan and Jun?,-44.9%,line,percent_change_ratio,medium,true,train,"annotated line; procedural gen (seed=43, idx=78, trend=down)"
syn_line_0178__q5,synthetic,gold/images/syn_line_0178.png,Was user growth from Jan to Apr bigger than from May to Jun?,No,line,hard_multi_step,hard,true,train,"annotated line; procedural gen (seed=43, idx=78, trend=down)"
syn_line_0179__q1,synthetic,gold/images/syn_line_0179.png,Signups in W7?,800,line,lookup_value,easy,true,train,"annotated line; procedural gen (seed=43, idx=79, trend=flat)"
syn_line_0179__q3,synthetic,gold/images/syn_line_0179.png,"From W2 to W3, did signups increase or decrease?",Decreased,line,trend_direction,easy,true,train,"annotated line; procedural gen (seed=43, idx=79, trend=flat)"
syn_line_0179__q4,synthetic,gold/images/syn_line_0179.png,By what percent did signups change from W5 to W7?,14.3%,line,percent_change_ratio,medium,true,train,"annotated line; procedural gen (seed=43, idx=79, trend=flat)"
syn_line_0180__q1,synthetic,gold/images/syn_line_0180.png,What was the revenue in Oct?,$7300,line,lookup_value,easy,true,train,"annotated line; procedural gen (seed=43, idx=80, trend=down)"
syn_line_0180__q3,synthetic,gold/images/syn_line_0180.png,Did revenue increase or decrease from Nov to Dec?,Increased,line,trend_direction,easy,true,train,"annotated line; procedural gen (seed=43, idx=80, trend=down)"
syn_line_0181__q1,synthetic,gold/images/syn_line_0181.png,Revenue in Q2?,$28200,line,lookup_value,easy,true,train,"annotated line; procedural gen (seed=43, idx=81, trend=flat)"
syn_line_0182__q4,synthetic,gold/images/syn_line_0182.png,What was the percent change in users from Jul to Sep?,-15.2%,line,percent_change_ratio,medium,true,train,"annotated line; procedural gen (seed=43, idx=82, trend=flat)"
syn_line_0183__q3,synthetic,gold/images/syn_line_0183.png,"Between W7 and W8, did signups increase or decrease?",Decreased,line,trend_direction,easy,true,train,"annotated line; procedural gen (seed=43, idx=83, trend=flat)"
syn_line_0183__q4,synthetic,gold/images/syn_line_0183.png,What was the percentage change in signups between W3 and W8?,-42.9%,line,percent_change_ratio,medium,true,train,"annotated line; procedural gen (seed=43, idx=83, trend=flat)"
syn_line_0184__q1,synthetic,gold/images/syn_line_0184.png,How much revenue was recorded in Jan?,$8100,line,lookup_value,easy,true,train,"annotated line; procedural gen (seed=43, idx=84, trend=flat)"
syn_line_0184__q3,synthetic,gold/images/syn_line_0184.png,"Between Feb and Mar, did revenue increase or decrease?",Unchanged,line,trend_direction,easy,true,train,"annotated line; procedural gen (seed=43, idx=84, trend=flat)"
syn_line_0184__q4,synthetic,gold/images/syn_line_0184.png,What was the percentage change in revenue between Feb and Jun?,-4.7%,line,percent_change_ratio,medium,true,train,"annotated line; procedural gen (seed=43, idx=84, trend=flat)"
syn_line_0185__q1,synthetic,gold/images/syn_line_0185.png,What was the revenue in Q1?,$26100,line,lookup_value,easy,true,train,"annotated line; procedural gen (seed=43, idx=85, trend=up)"
syn_line_0185__q3,synthetic,gold/images/syn_line_0185.png,Did revenue increase or decrease from Q2 to Q3?,Increased,line,trend_direction,easy,true,train,"annotated line; procedural gen (seed=43, idx=85, trend=up)"
syn_line_0185__q4,synthetic,gold/images/syn_line_0185.png,What was the percent change in revenue from Q1 to Q4?,10.0%,line,percent_change_ratio,medium,true,train,"annotated line; procedural gen (seed=43, idx=85, trend=up)"
syn_line_0186__q3,synthetic,gold/images/syn_line_0186.png,"From Feb to Mar, did users increase or decrease?",Decreased,line,trend_direction,easy,true,train,"annotated line; procedural gen (seed=43, idx=86, trend=down)"
syn_line_0186__q4,synthetic,gold/images/syn_line_0186.png,By what percent did users change from Feb to May?,-19.9%,line,percent_change_ratio,medium,true,train,"annotated line; procedural gen (seed=43, idx=86, trend=down)"
syn_line_0187__q3,synthetic,gold/images/syn_line_0187.png,Did signups increase or decrease from W7 to W8?,Increased,line,trend_direction,easy,true,train,"annotated line; procedural gen (seed=43, idx=87, trend=down)"
syn_line_0188__q1,synthetic,gold/images/syn_line_0188.png,Revenue in Nov?,$6400,line,lookup_value,easy,true,train,"annotated line; procedural gen (seed=43, idx=88, trend=flat)"
syn_line_0188__q2,synthetic,gold/images/syn_line_0188.png,Which month had the highest revenue?,Jul,line,max_min,easy,true,train,"annotated line; procedural gen (seed=43, idx=88, trend=flat)"
syn_line_0188__q3,synthetic,gold/images/syn_line_0188.png,"From Aug to Sep, did revenue increase or decrease?",Decreased,line,trend_direction,easy,true,train,"annotated line; procedural gen (seed=43, idx=88, trend=flat)"
syn_line_0188__q4,synthetic,gold/images/syn_line_0188.png,By what percent did revenue change from Oct to Dec?,-5.0%,line,percent_change_ratio,medium,true,train,"annotated line; procedural gen (seed=43, idx=88, trend=flat)"
syn_line_0189__q3,synthetic,gold/images/syn_line_0189.png,"Between Q2 and Q3, did revenue increase or decrease?",Increased,line,trend_direction,easy,true,train,"annotated line; procedural gen (seed=43, idx=89, trend=up)"
syn_line_0190__q3,synthetic,gold/images/syn_line_0190.png,"Between Jan and Feb, did users increase or decrease?",Increased,line,trend_direction,easy,true,train,"annotated line; procedural gen (seed=43, idx=90, trend=down)"
syn_line_0190__q4,synthetic,gold/images/syn_line_0190.png,What was the percentage change in users between Jan and May?,-7.0%,line,percent_change_ratio,medium,true,train,"annotated line; procedural gen (seed=43, idx=90, trend=down)"
syn_line_0191__q1,synthetic,gold/images/syn_line_0191.png,Signups in W4?,800,line,lookup_value,easy,true,train,"annotated line; procedural gen (seed=43, idx=91, trend=up)"
syn_line_0191__q3,synthetic,gold/images/syn_line_0191.png,"From W1 to W2, did signups increase or decrease?",Increased,line,trend_direction,easy,true,train,"annotated line; procedural gen (seed=43, idx=91, trend=up)"
syn_line_0192__q3,synthetic,gold/images/syn_line_0192.png,Did revenue increase or decrease from Jul to Aug?,Decreased,line,trend_direction,easy,true,train,"annotated line; procedural gen (seed=43, idx=92, trend=down)"
syn_line_0192__q4,synthetic,gold/images/syn_line_0192.png,What was the percent change in revenue from Aug to Oct?,-20.9%,line,percent_change_ratio,medium,true,train,"annotated line; procedural gen (seed=43, idx=92, trend=down)"
syn_line_0193__q4,synthetic,gold/images/syn_line_0193.png,By what percent did revenue change from Q2 to Q4?,-2.1%,line,percent_change_ratio,medium,true,train,"annotated line; procedural gen (seed=43, idx=93, trend=down)"
syn_line_0194__q3,synthetic,gold/images/syn_line_0194.png,Did users increase or decrease from Sep to Oct?,Increased,line,trend_direction,easy,true,train,"annotated line; procedural gen (seed=43, idx=94, trend=flat)"
syn_line_0195__q3,synthetic,gold/images/syn_line_0195.png,"Between W1 and W2, did signups increase or decrease?",Increased,line,trend_direction,easy,true,train,"annotated line; procedural gen (seed=43, idx=95, trend=up)"
syn_line_0195__q4,synthetic,gold/images/syn_line_0195.png,What was the percentage change in signups between W5 and W8?,16.7%,line,percent_change_ratio,medium,true,train,"annotated line; procedural gen (seed=43, idx=95, trend=up)"
syn_line_0196__q3,synthetic,gold/images/syn_line_0196.png,"Between Nov and Dec, did revenue increase or decrease?",Decreased,line,trend_direction,easy,true,train,"annotated line; procedural gen (seed=43, idx=96, trend=down)"
syn_line_0196__q4,synthetic,gold/images/syn_line_0196.png,What was the percentage change in revenue between Aug and Oct?,-18.0%,line,percent_change_ratio,medium,true,train,"annotated line; procedural gen (seed=43, idx=96, trend=down)"
syn_line_0197__q3,synthetic,gold/images/syn_line_0197.png,Did revenue increase or decrease from Q1 to Q2?,Increased,line,trend_direction,easy,true,train,"annotated line; procedural gen (seed=43, idx=97, trend=flat)"
syn_line_0198__q3,synthetic,gold/images/syn_line_0198.png,"From Feb to Mar, did users increase or decrease?",Decreased,line,trend_direction,easy,true,train,"annotated line; procedural gen (seed=43, idx=98, trend=down)"
syn_line_0198__q4,synthetic,gold/images/syn_line_0198.png,By what percent did users change from Apr to Jun?,-27.7%,line,percent_change_ratio,medium,true,train,"annotated line; procedural gen (seed=43, idx=98, trend=down)"
syn_line_0199__q1,synthetic,gold/images/syn_line_0199.png,How many signups were there in W8?,700,line,lookup_value,easy,true,train,"annotated line; procedural gen (seed=43, idx=99, trend=up)"
syn_line_0200__q2,synthetic,gold/images/syn_line_0200.png,Which month had the lowest revenue?,Feb,line,max_min,easy,true,train,"annotated line; procedural gen (seed=43, idx=100, trend=flat)"
syn_line_0200__q3,synthetic,gold/images/syn_line_0200.png,"From Apr to May, did revenue increase or decrease?",Decreased,line,trend_direction,easy,true,train,"annotated line; procedural gen (seed=43, idx=100, trend=flat)"
syn_line_0200__q4,synthetic,gold/images/syn_line_0200.png,By what percent did revenue change from Mar to May?,6.1%,line,percent_change_ratio,medium,true,train,"annotated line; procedural gen (seed=43, idx=100, trend=flat)"
syn_line_0201__q3,synthetic,gold/images/syn_line_0201.png,"Between Q1 and Q2, did revenue increase or decrease?",Increased,line,trend_direction,easy,true,train,"annotated line; procedural gen (seed=43, idx=101, trend=up)"
syn_pie_0001__q3,synthetic,gold/images/syn_pie_0001.png,Was Email's share of spend larger than SEO's?,No,pie,compare_categories,medium,true,train,annotated pie; slice labels show category + percentage
syn_pie_0001__q4,synthetic,gold/images/syn_pie_0001.png,Rank the top 3 channels by share of spend.,"Paid Search, Social, SEO",pie,rank_order,medium,true,train,annotated pie; slice labels show category + percentage
syn_pie_0100__q1,synthetic,gold/images/syn_pie_0100.png,What percentage of spend came from SEO?,28.0%,pie,lookup_value,easy,true,train,"annotated pie; procedural gen (seed=46, idx=0)"
syn_pie_0100__q3,synthetic,gold/images/syn_pie_0100.png,Was SEO's share of spend larger than Social's?,No,pie,compare_categories,medium,true,train,"annotated pie; procedural gen (seed=46, idx=0)"
syn_pie_0100__q4,synthetic,gold/images/syn_pie_0100.png,Rank the top 3 channels by share of spend.,"Social, SEO, Display",pie,rank_order,medium,true,train,"annotated pie; procedural gen (seed=46, idx=0)"
syn_pie_0101__q3,synthetic,gold/images/syn_pie_0101.png,Did Services have a bigger share of sales than Hardware?,Yes,pie,compare_categories,medium,true,train,"annotated pie; procedural gen (seed=46, idx=1)"
syn_pie_0102__q3,synthetic,gold/images/syn_pie_0102.png,Was MEA's revenue share greater than NA's?,No,pie,compare_categories,medium,true,train,"annotated pie; procedural gen (seed=46, idx=2)"
syn_pie_0103__q3,synthetic,gold/images/syn_pie_0103.png,Was Referral's share of traffic larger than Paid's?,Yes,pie,compare_categories,medium,true,train,"annotated pie; procedural gen (seed=46, idx=3)"
syn_pie_0105__q1,synthetic,gold/images/syn_pie_0105.png,SEO's share of total spend?,18.0%,pie,lookup_value,easy,true,train,"annotated pie; procedural gen (seed=46, idx=5)"
syn_pie_0105__q3,synthetic,gold/images/syn_pie_0105.png,Was Social's spend share greater than Affiliate's?,Yes,pie,compare_categories,medium,true,train,"annotated pie; procedural gen (seed=46, idx=5)"
syn_pie_0106__q1,synthetic,gold/images/syn_pie_0106.png,What percentage of sales came from Hardware?,11.9%,pie,lookup_value,easy,true,train,"annotated pie; procedural gen (seed=46, idx=6)"
syn_pie_0106__q2,synthetic,gold/images/syn_pie_0106.png,Which category had the smallest share of sales?,Hardware,pie,max_min,easy,true,train,"annotated pie; procedural gen (seed=46, idx=6)"
syn_pie_0107__q2,synthetic,gold/images/syn_pie_0107.png,Which region dominated revenue?,NA,pie,max_min,easy,true,train,"annotated pie; procedural gen (seed=46, idx=7)"
syn_pie_0107__q3,synthetic,gold/images/syn_pie_0107.png,Did MEA have a bigger share of revenue than NA?,No,pie,compare_categories,medium,true,train,"annotated pie; procedural gen (seed=46, idx=7)"
syn_pie_0108__q1,synthetic,gold/images/syn_pie_0108.png,Paid's share of total traffic?,29.8%,pie,lookup_value,easy,true,train,"annotated pie; procedural gen (seed=46, idx=8)"
syn_pie_0108__q3,synthetic,gold/images/syn_pie_0108.png,Was Email's traffic share greater than Paid's?,No,pie,compare_categories,medium,true,train,"annotated pie; procedural gen (seed=46, idx=8)"
syn_pie_0109__q1,synthetic,gold/images/syn_pie_0109.png,What percentage of budget came from Marketing?,24.6%,pie,lookup_value,easy,true,train,"annotated pie; procedural gen (seed=46, idx=9)"
syn_pie_0110__q2,synthetic,gold/images/syn_pie_0110.png,Which channel had the smallest slice of spend?,Email,pie,max_min,easy,true,train,"annotated pie; procedural gen (seed=46, idx=10)"
syn_pie_0110__q3,synthetic,gold/images/syn_pie_0110.png,Did Paid Search have a bigger share of spend than Display?,Yes,pie,compare_categories,medium,true,train,"annotated pie; procedural gen (seed=46, idx=10)"
syn_pie_0110__q4,synthetic,gold/images/syn_pie_0110.png,List the bottom 3 channels by share of spend.,"Email, Display, Paid Search",pie,rank_order,medium,true,train,"annotated pie; procedural gen (seed=46, idx=10)"
syn_pie_0111__q3,synthetic,gold/images/syn_pie_0111.png,Was Software's sales share greater than Consulting's?,No,pie,compare_categories,medium,true,train,"annotated pie; procedural gen (seed=46, idx=11)"
syn_pie_0112__q1,synthetic,gold/images/syn_pie_0112.png,What percentage of revenue came from LATAM?,24.4%,pie,lookup_value,easy,true,train,"annotated pie; procedural gen (seed=46, idx=12)"
syn_pie_0112__q3,synthetic,gold/images/syn_pie_0112.png,Was LATAM's share of revenue larger than MEA's?,Yes,pie,compare_categories,medium,true,train,"annotated pie; procedural gen (seed=46, idx=12)"
syn_pie_0112__q4,synthetic,gold/images/syn_pie_0112.png,Rank the top 3 regions by share of revenue.,"NA, EMEA, LATAM",pie,rank_order,medium,true,train,"annotated pie; procedural gen (seed=46, idx=12)"
syn_pie_0113__q3,synthetic,gold/images/syn_pie_0113.png,Did Email have a bigger share of traffic than Paid?,Yes,pie,compare_categories,medium,true,train,"annotated pie; procedural gen (seed=46, idx=13)"
syn_pie_0114__q3,synthetic,gold/images/syn_pie_0114.png,Was Sales' budget share greater than Operations'?,No,pie,compare_categories,medium,true,train,"annotated pie; procedural gen (seed=46, idx=14)"
syn_pie_0115__q2,synthetic,gold/images/syn_pie_0115.png,Which channel had the largest share of spend?,Email,pie,max_min,easy,true,train,"annotated pie; procedural gen (seed=46, idx=15)"
syn_pie_0115__q3,synthetic,gold/images/syn_pie_0115.png,Was Affiliate's share of spend larger than Social's?,Yes,pie,compare_categories,medium,true,train,"annotated pie; procedural gen (seed=46, idx=15)"
syn_pie_0116__q1,synthetic,gold/images/syn_pie_0116.png,What share of sales did Software represent?,27.6%,pie,lookup_value,easy,true,train,"annotated pie; procedural gen (seed=46, idx=16)"
syn_pie_0116__q3,synthetic,gold/images/syn_pie_0116.png,Did Services have a bigger share of sales than Subscriptions?,No,pie,compare_categories,medium,true,train,"annotated pie; procedural gen (seed=46, idx=16)"
syn_pie_0116__q4,synthetic,gold/images/syn_pie_0116.png,List the top 3 categories by share of sales.,"Software, Consulting, Hardware",pie,rank_order,medium,true,train,"annotated pie; procedural gen (seed=46, idx=16)"
syn_pie_0117__q1,synthetic,gold/images/syn_pie_0117.png,MEA's share of total revenue?,22.4%,pie,lookup_value,easy,true,train,"annotated pie; procedural gen (seed=46, idx=17)"
syn_pie_0117__q3,synthetic,gold/images/syn_pie_0117.png,Was APAC's revenue share greater than MEA's?,Yes,pie,compare_categories,medium,true,train,"annotated pie; procedural gen (seed=46, idx=17)"
syn_pie_0118__q3,synthetic,gold/images/syn_pie_0118.png,Was Paid's share of traffic larger than Organic's?,Yes,pie,compare_categories,medium,true,train,"annotated pie; procedural gen (seed=46, idx=18)"
syn_pie_0119__q3,synthetic,gold/images/syn_pie_0119.png,Did Operations have a bigger share of budget than IT?,No,pie,compare_categories,medium,true,train,"annotated pie; procedural gen (seed=46, idx=19)"
syn_pie_0120__q4,synthetic,gold/images/syn_pie_0120.png,Name the top 3 channels by spend share.,"Social, Email, Paid Search",pie,rank_order,medium,true,train,"annotated pie; procedural gen (seed=46, idx=20)"
syn_pie_0121__q1,synthetic,gold/images/syn_pie_0121.png,What percentage of sales came from Subscriptions?,33.3%,pie,lookup_value,easy,true,train,"annotated pie; procedural gen (seed=46, idx=21)"
syn_pie_0121__q3,synthetic,gold/images/syn_pie_0121.png,Was Hardware's share of sales larger than Services'?,No,pie,compare_categories,medium,true,train,"annotated pie; procedural gen (seed=46, idx=21)"
syn_pie_0122__q4,synthetic,gold/images/syn_pie_0122.png,List the bottom 3 regions by share of revenue.,"NA, APAC, EMEA",pie,rank_order,medium,true,train,"annotated pie; procedural gen (seed=46, idx=22)"
syn_pie_0123__q1,synthetic,gold/images/syn_pie_0123.png,Direct's share of total traffic?,9.1%,pie,lookup_value,easy,true,train,"annotated pie; procedural gen (seed=46, idx=23)"
syn_pie_0123__q2,synthetic,gold/images/syn_pie_0123.png,Which source accounted for the least traffic?,Direct,pie,max_min,easy,true,train,"annotated pie; procedural gen (seed=46, idx=23)"
syn_pie_0123__q3,synthetic,gold/images/syn_pie_0123.png,Was Paid's traffic share greater than Direct's?,Yes,pie,compare_categories,medium,true,train,"annotated pie; procedural gen (seed=46, idx=23)"
syn_pie_0124__q1,synthetic,gold/images/syn_pie_0124.png,What percentage of budget came from Support?,25.7%,pie,lookup_value,easy,true,train,"annotated pie; procedural gen (seed=46, idx=24)"
syn_pie_0124__q3,synthetic,gold/images/syn_pie_0124.png,Was Sales' share of budget larger than Support's?,No,pie,compare_categories,medium,true,train,"annotated pie; procedural gen (seed=46, idx=24)"
syn_pie_0124__q4,synthetic,gold/images/syn_pie_0124.png,Rank the top 3 departments by share of budget.,"IT, Support, Operations",pie,rank_order,medium,true,train,"annotated pie; procedural gen (seed=46, idx=24)"
syn_pie_0125__q3,synthetic,gold/images/syn_pie_0125.png,Did Paid Search have a bigger share of spend than SEO?,No,pie,compare_categories,medium,true,train,"annotated pie; procedural gen (seed=46, idx=25)"
syn_pie_0126__q2,synthetic,gold/images/syn_pie_0126.png,Which category had the biggest slice of sales?,Hardware,pie,max_min,easy,true,train,"annotated pie; procedural gen (seed=46, idx=26)"
syn_pie_0126__q3,synthetic,gold/images/syn_pie_0126.png,Was Subscriptions' sales share greater than Consulting's?,No,pie,compare_categories,medium,true,train,"annotated pie; procedural gen (seed=46, idx=26)"
syn_pie_0126__q4,synthetic,gold/images/syn_pie_0126.png,Name the bottom 3 categories by sales share.,"Software, Subscriptions, Services",pie,rank_order,medium,true,train,"annotated pie; procedural gen (seed=46, idx=26)"
syn_pie_0127__q3,synthetic,gold/images/syn_pie_0127.png,Was APAC's share of revenue larger than MEA's?,Yes,pie,compare_categories,medium,true,train,"annotated pie; procedural gen (seed=46, idx=27)"
syn_pie_0129__q3,synthetic,gold/images/syn_pie_0129.png,Was HR's budget share greater than Engineering's?,No,pie,compare_categories,medium,true,train,"annotated pie; procedural gen (seed=46, idx=29)"
syn_pie_0130__q3,synthetic,gold/images/syn_pie_0130.png,Was SEO's share of spend larger than Affiliate's?,No,pie,compare_categories,medium,true,train,"annotated pie; procedural gen (seed=46, idx=30)"
syn_pie_0131__q3,synthetic,gold/images/syn_pie_0131.png,Did Services have a bigger share of sales than Hardware?,Yes,pie,compare_categories,medium,true,train,"annotated pie; procedural gen (seed=46, idx=31)"
syn_pie_0132__q3,synthetic,gold/images/syn_pie_0132.png,Was NA's revenue share greater than APAC's?,Yes,pie,compare_categories,medium,true,train,"annotated pie; procedural gen (seed=46, idx=32)"
syn_pie_0132__q4,synthetic,gold/images/syn_pie_0132.png,Name the top 3 regions by revenue share.,"MEA, NA, EMEA",pie,rank_order,medium,true,train,"annotated pie; procedural gen (seed=46, idx=32)"
syn_pie_0135__q1,synthetic,gold/images/syn_pie_0135.png,Email's share of total spend?,27.4%,pie,lookup_value,easy,true,train,"annotated pie; procedural gen (seed=46, idx=35)"
syn_pie_0135__q3,synthetic,gold/images/syn_pie_0135.png,Was Direct's spend share greater than SEO's?,No,pie,compare_categories,medium,true,train,"annotated pie; procedural gen (seed=46, idx=35)"
syn_pie_0136__q3,synthetic,gold/images/syn_pie_0136.png,Was Consulting's share of sales larger than Hardware's?,No,pie,compare_categories,medium,true,train,"annotated pie; procedural gen (seed=46, idx=36)"
syn_pie_0137__q1,synthetic,gold/images/syn_pie_0137.png,What share of revenue did EMEA represent?,9.3%,pie,lookup_value,easy,true,train,"annotated pie; procedural gen (seed=46, idx=37)"
syn_pie_0137__q3,synthetic,gold/images/syn_pie_0137.png,Did NA have a bigger share of revenue than MEA?,Yes,pie,compare_categories,medium,true,train,"annotated pie; procedural gen (seed=46, idx=37)"
syn_pie_0138__q1,synthetic,gold/images/syn_pie_0138.png,Direct's share of total traffic?,22.1%,pie,lookup_value,easy,true,train,"annotated pie; procedural gen (seed=46, idx=38)"
syn_pie_0138__q3,synthetic,gold/images/syn_pie_0138.png,Was Email's traffic share greater than Paid's?,Yes,pie,compare_categories,medium,true,train,"annotated pie; procedural gen (seed=46, idx=38)"
syn_pie_0138__q4,synthetic,gold/images/syn_pie_0138.png,Name the bottom 3 sources by traffic share.,"Paid, Direct, Social",pie,rank_order,medium,true,train,"annotated pie; procedural gen (seed=46, idx=38)"
syn_pie_0139__q3,synthetic,gold/images/syn_pie_0139.png,Was Sales' share of budget larger than Engineering's?,No,pie,compare_categories,medium,true,train,"annotated pie; procedural gen (seed=46, idx=39)"
syn_pie_0140__q3,synthetic,gold/images/syn_pie_0140.png,Did Email have a bigger share of spend than SEO?,Yes,pie,compare_categories,medium,true,train,"annotated pie; procedural gen (seed=46, idx=40)"
syn_pie_0141__q2,synthetic,gold/images/syn_pie_0141.png,Which category had the biggest slice of sales?,Services,pie,max_min,easy,true,train,"annotated pie; procedural gen (seed=46, idx=41)"
syn_pie_0141__q3,synthetic,gold/images/syn_pie_0141.png,Was Subscriptions' sales share greater than Software's?,Yes,pie,compare_categories,medium,true,train,"annotated pie; procedural gen (seed=46, idx=41)"
syn_pie_0142__q3,synthetic,gold/images/syn_pie_0142.png,Was LATAM's share of revenue larger than APAC's?,Yes,pie,compare_categories,medium,true,train,"annotated pie; procedural gen (seed=46, idx=42)"
syn_pie_0142__q4,synthetic,gold/images/syn_pie_0142.png,Rank the bottom 3 regions by share of revenue.,"MEA, EMEA, NA",pie,rank_order,medium,true,train,"annotated pie; procedural gen (seed=46, idx=42)"
syn_pie_0143__q1,synthetic,gold/images/syn_pie_0143.png,What share of traffic did Email represent?,15.1%,pie,lookup_value,easy,true,train,"annotated pie; procedural gen (seed=46, idx=43)"
syn_pie_0143__q3,synthetic,gold/images/syn_pie_0143.png,Did Email have a bigger share of traffic than Direct?,No,pie,compare_categories,medium,true,train,"annotated pie; procedural gen (seed=46, idx=43)"
syn_pie_0144__q3,synthetic,gold/images/syn_pie_0144.png,Was HR's budget share greater than IT's?,No,pie,compare_categories,medium,true,train,"annotated pie; procedural gen (seed=46, idx=44)"
syn_pie_0144__q4,synthetic,gold/images/syn_pie_0144.png,Name the top 3 departments by budget share.,"IT, Engineering, HR",pie,rank_order,medium,true,train,"annotated pie; procedural gen (seed=46, idx=44)"
syn_pie_0145__q3,synthetic,gold/images/syn_pie_0145.png,Was Email's share of spend larger than Affiliate's?,No,pie,compare_categories,medium,true,train,"annotated pie; procedural gen (seed=46, idx=45)"
syn_pie_0146__q1,synthetic,gold/images/syn_pie_0146.png,What share of sales did Consulting represent?,32.7%,pie,lookup_value,easy,true,train,"annotated pie; procedural gen (seed=46, idx=46)"
syn_pie_0146__q3,synthetic,gold/images/syn_pie_0146.png,Did Consulting have a bigger share of sales than Subscriptions?,Yes,pie,compare_categories,medium,true,train,"annotated pie; procedural gen (seed=46, idx=46)"
syn_pie_0147__q1,synthetic,gold/images/syn_pie_0147.png,MEA's share of total revenue?,27.1%,pie,lookup_value,easy,true,train,"annotated pie; procedural gen (seed=46, idx=47)"
syn_pie_0147__q3,synthetic,gold/images/syn_pie_0147.png,Was APAC's revenue share greater than NA's?,Yes,pie,compare_categories,medium,true,train,"annotated pie; procedural gen (seed=46, idx=47)"
syn_pie_0148__q3,synthetic,gold/images/syn_pie_0148.png,Was Referral's share of traffic larger than Direct's?,No,pie,compare_categories,medium,true,train,"annotated pie; procedural gen (seed=46, idx=48)"
syn_pie_0148__q4,synthetic,gold/images/syn_pie_0148.png,Rank the top 3 sources by share of traffic.,"Direct, Email, Referral",pie,rank_order,medium,true,train,"annotated pie; procedural gen (seed=46, idx=48)"
syn_pie_0149__q2,synthetic,gold/images/syn_pie_0149.png,Which department had the smallest slice of budget?,Sales,pie,max_min,easy,true,train,"annotated pie; procedural gen (seed=46, idx=49)"
syn_pie_0149__q3,synthetic,gold/images/syn_pie_0149.png,Did Sales have a bigger share of budget than Operations?,No,pie,compare_categories,medium,true,train,"annotated pie; procedural gen (seed=46, idx=49)"
syn_pie_0150__q4,synthetic,gold/images/syn_pie_0150.png,Name the bottom 3 channels by spend share.,"Email, Social, SEO",pie,rank_order,medium,true,train,"annotated pie; procedural gen (seed=46, idx=50)"
syn_pie_0151__q1,synthetic,gold/images/syn_pie_0151.png,What percentage of sales came from Hardware?,28.4%,pie,lookup_value,easy,true,train,"annotated pie; procedural gen (seed=46, idx=51)"
syn_pie_0151__q3,synthetic,gold/images/syn_pie_0151.png,Was Software's share of sales larger than Subscriptions'?,Yes,pie,compare_categories,medium,true,train,"annotated pie; procedural gen (seed=46, idx=51)"
syn_pie_0153__q1,synthetic,gold/images/syn_pie_0153.png,Paid's share of total traffic?,21.2%,pie,lookup_value,easy,true,train,"annotated pie; procedural gen (seed=46, idx=53)"
syn_pie_0153__q3,synthetic,gold/images/syn_pie_0153.png,Was Social's traffic share greater than Email's?,Yes,pie,compare_categories,medium,true,train,"annotated pie; procedural gen (seed=46, idx=53)"
syn_pie_0154__q3,synthetic,gold/images/syn_pie_0154.png,Was Sales' share of budget larger than Marketing's?,Yes,pie,compare_categories,medium,true,train,"annotated pie; procedural gen (seed=46, idx=54)"
syn_pie_0155__q3,synthetic,gold/images/syn_pie_0155.png,Did Paid Search have a bigger share of spend than Direct?,Yes,pie,compare_categories,medium,true,train,"annotated pie; procedural gen (seed=46, idx=55)"
syn_pie_0156__q1,synthetic,gold/images/syn_pie_0156.png,Hardware's share of total sales?,35.6%,pie,lookup_value,easy,true,train,"annotated pie; procedural gen (seed=46, idx=56)"
syn_pie_0156__q3,synthetic,gold/images/syn_pie_0156.png,Was Software's sales share greater than Subscriptions'?,No,pie,compare_categories,medium,true,train,"annotated pie; procedural gen (seed=46, idx=56)"
syn_pie_0156__q4,synthetic,gold/images/syn_pie_0156.png,Name the top 3 categories by sales share.,"Hardware, Subscriptions, Consulting",pie,rank_order,medium,true,train,"annotated pie; procedural gen (seed=46, idx=56)"
syn_pie_0157__q3,synthetic,gold/images/syn_pie_0157.png,Was EMEA's share of revenue larger than LATAM's?,No,pie,compare_categories,medium,true,train,"annotated pie; procedural gen (seed=46, idx=57)"
syn_pie_0158__q2,synthetic,gold/images/syn_pie_0158.png,Which source dominated traffic?,Email,pie,max_min,easy,true,train,"annotated pie; procedural gen (seed=46, idx=58)"
syn_pie_0158__q3,synthetic,gold/images/syn_pie_0158.png,Did Referral have a bigger share of traffic than Paid?,No,pie,compare_categories,medium,true,train,"annotated pie; procedural gen (seed=46, idx=58)"
syn_pie_0158__q4,synthetic,gold/images/syn_pie_0158.png,List the bottom 3 sources by share of traffic.,"Referral, Social, Paid",pie,rank_order,medium,true,train,"annotated pie; procedural gen (seed=46, idx=58)"
syn_pie_0159__q2,synthetic,gold/images/syn_pie_0159.png,Which department accounted for the least budget?,HR,pie,max_min,easy,true,train,"annotated pie; procedural gen (seed=46, idx=59)"
syn_pie_0159__q3,synthetic,gold/images/syn_pie_0159.png,Was HR's budget share greater than Sales'?,No,pie,compare_categories,medium,true,train,"annotated pie; procedural gen (seed=46, idx=59)"
syn_pie_0160__q2,synthetic,gold/images/syn_pie_0160.png,Which channel had the smallest share of spend?,Social,pie,max_min,easy,true,train,"annotated pie; procedural gen (seed=46, idx=60)"
syn_pie_0160__q3,synthetic,gold/images/syn_pie_0160.png,Was Affiliate's share of spend larger than Display's?,No,pie,compare_categories,medium,true,train,"annotated pie; procedural gen (seed=46, idx=60)"
syn_pie_0160__q4,synthetic,gold/images/syn_pie_0160.png,Rank the top 3 channels by share of spend.,"Paid Search, Display, Affiliate",pie,rank_order,medium,true,train,"annotated pie; procedural gen (seed=46, idx=60)"
syn_pie_0161__q3,synthetic,gold/images/syn_pie_0161.png,Did Hardware have a bigger share of sales than Services?,No,pie,compare_categories,medium,true,train,"annotated pie; procedural gen (seed=46, idx=61)"
syn_pie_0162__q3,synthetic,gold/images/syn_pie_0162.png,Was LATAM's revenue share greater than MEA's?,No,pie,compare_categories,medium,true,train,"annotated pie; procedural gen (seed=46, idx=62)"
syn_pie_0163__q3,synthetic,gold/images/syn_pie_0163.png,Was Direct's share of traffic larger than Email's?,No,pie,compare_categories,medium,true,train,"annotated pie; procedural gen (seed=46, idx=63)"
syn_pie_0164__q3,synthetic,gold/images/syn_pie_0164.png,Did Support have a bigger share of budget than IT?,Yes,pie,compare_categories,medium,true,train,"annotated pie; procedural gen (seed=46, idx=64)"
syn_pie_0164__q4,synthetic,gold/images/syn_pie_0164.png,List the top 3 departments by share of budget.,"HR, Support, Sales",pie,rank_order,medium,true,train,"annotated pie; procedural gen (seed=46, idx=64)"
syn_pie_0165__q3,synthetic,gold/images/syn_pie_0165.png,Was Social's spend share greater than Direct's?,Yes,pie,compare_categories,medium,true,train,"annotated pie; procedural gen (seed=46, idx=65)"
syn_pie_0166__q4,synthetic,gold/images/syn_pie_0166.png,Rank the bottom 3 categories by share of sales.,"Software, Consulting, Services",pie,rank_order,medium,true,train,"annotated pie; procedural gen (seed=46, idx=66)"
syn_pie_0167__q1,synthetic,gold/images/syn_pie_0167.png,What share of revenue did LATAM represent?,13.1%,pie,lookup_value,easy,true,train,"annotated pie; procedural gen (seed=46, idx=67)"
syn_pie_0167__q3,synthetic,gold/images/syn_pie_0167.png,Did NA have a bigger share of revenue than EMEA?,No,pie,compare_categories,medium,true,train,"annotated pie; procedural gen (seed=46, idx=67)"
syn_pie_0168__q3,synthetic,gold/images/syn_pie_0168.png,Was Email's traffic share greater than Social's?,No,pie,compare_categories,medium,true,train,"annotated pie; procedural gen (seed=46, idx=68)"
syn_pie_0168__q4,synthetic,gold/images/syn_pie_0168.png,Name the top 3 sources by traffic share.,"Social, Referral, Email",pie,rank_order,medium,true,train,"annotated pie; procedural gen (seed=46, idx=68)"
syn_pie_0169__q3,synthetic,gold/images/syn_pie_0169.png,Was Operations' share of budget larger than Support's?,No,pie,compare_categories,medium,true,train,"annotated pie; procedural gen (seed=46, idx=69)"
syn_pie_0170__q1,synthetic,gold/images/syn_pie_0170.png,What share of spend did Paid Search represent?,15.2%,pie,lookup_value,easy,true,train,"annotated pie; procedural gen (seed=46, idx=70)"
syn_pie_0170__q2,synthetic,gold/images/syn_pie_0170.png,Which channel had the smallest slice of spend?,Affiliate,pie,max_min,easy,true,train,"annotated pie; procedural gen (seed=46, idx=70)"
syn_pie_0171__q3,synthetic,gold/images/syn_pie_0171.png,Was Consulting's sales share greater than Software's?,Yes,pie,compare_categories,medium,true,train,"annotated pie; procedural gen (seed=46, idx=71)"
syn_pie_0172__q1,synthetic,gold/images/syn_pie_0172.png,What percentage of revenue came from NA?,38.0%,pie,lookup_value,easy,true,train,"annotated pie; procedural gen (seed=46, idx=72)"
syn_pie_0172__q4,synthetic,gold/images/syn_pie_0172.png,Rank the top 3 regions by share of revenue.,"NA, LATAM, MEA",pie,rank_order,medium,true,train,"annotated pie; procedural gen (seed=46, idx=72)"
syn_pie_0174__q1,synthetic,gold/images/syn_pie_0174.png,Support's share of total budget?,10.3%,pie,lookup_value,easy,true,train,"annotated pie; procedural gen (seed=46, idx=74)"
syn_pie_0174__q3,synthetic,gold/images/syn_pie_0174.png,Was Engineering's budget share greater than Operations'?,Yes,pie,compare_categories,medium,true,train,"annotated pie; procedural gen (seed=46, idx=74)"
syn_pie_0174__q4,synthetic,gold/images/syn_pie_0174.png,Name the bottom 3 departments by budget share.,"Operations, Support, Engineering",pie,rank_order,medium,true,train,"annotated pie; procedural gen (seed=46, idx=74)"
syn_pie_0176__q2,synthetic,gold/images/syn_pie_0176.png,Which category had the smallest slice of sales?,Subscriptions,pie,max_min,easy,true,train,"annotated pie; procedural gen (seed=46, idx=76)"
syn_pie_0176__q4,synthetic,gold/images/syn_pie_0176.png,List the top 3 categories by share of sales.,"Software, Consulting, Services",pie,rank_order,medium,true,train,"annotated pie; procedural gen (seed=46, idx=76)"
syn_pie_0177__q1,synthetic,gold/images/syn_pie_0177.png,MEA's share of total revenue?,18.7%,pie,lookup_value,easy,true,train,"annotated pie; procedural gen (seed=46, idx=77)"
syn_pie_0177__q3,synthetic,gold/images/syn_pie_0177.png,Was NA's revenue share greater than MEA's?,Yes,pie,compare_categories,medium,true,train,"annotated pie; procedural gen (seed=46, idx=77)"
syn_pie_0178__q3,synthetic,gold/images/syn_pie_0178.png,Was Organic's share of traffic larger than Referral's?,Yes,pie,compare_categories,medium,true,train,"annotated pie; procedural gen (seed=46, idx=78)"
syn_pie_0178__q4,synthetic,gold/images/syn_pie_0178.png,Rank the bottom 3 sources by share of traffic.,"Referral, Social, Paid",pie,rank_order,medium,true,train,"annotated pie; procedural gen (seed=46, idx=78)"
syn_pie_0179__q1,synthetic,gold/images/syn_pie_0179.png,What share of budget did Support represent?,6.2%,pie,lookup_value,easy,true,train,"annotated pie; procedural gen (seed=46, idx=79)"
syn_pie_0179__q2,synthetic,gold/images/syn_pie_0179.png,Which department dominated budget?,Marketing,pie,max_min,easy,true,train,"annotated pie; procedural gen (seed=46, idx=79)"
syn_pie_0179__q3,synthetic,gold/images/syn_pie_0179.png,Did Engineering have a bigger share of budget than Support?,Yes,pie,compare_categories,medium,true,train,"annotated pie; procedural gen (seed=46, idx=79)"
syn_pie_0180__q2,synthetic,gold/images/syn_pie_0180.png,Which channel accounted for the least spend?,Paid Search,pie,max_min,easy,true,train,"annotated pie; procedural gen (seed=46, idx=80)"
syn_pie_0181__q1,synthetic,gold/images/syn_pie_0181.png,What percentage of sales came from Subscriptions?,21.1%,pie,lookup_value,easy,true,train,"annotated pie; procedural gen (seed=46, idx=81)"
syn_pie_0181__q3,synthetic,gold/images/syn_pie_0181.png,Was Subscriptions' share of sales larger than Services'?,No,pie,compare_categories,medium,true,train,"annotated pie; procedural gen (seed=46, idx=81)"
syn_pie_0182__q3,synthetic,gold/images/syn_pie_0182.png,Did NA have a bigger share of revenue than MEA?,Yes,pie,compare_categories,medium,true,train,"annotated pie; procedural gen (seed=46, idx=82)"
syn_pie_0182__q4,synthetic,gold/images/syn_pie_0182.png,List the bottom 3 regions by share of revenue.,"MEA, LATAM, EMEA",pie,rank_order,medium,true,train,"annotated pie; procedural gen (seed=46, idx=82)"
syn_pie_0183__q1,synthetic,gold/images/syn_pie_0183.png,Email's share of total traffic?,23.7%,pie,lookup_value,easy,true,train,"annotated pie; procedural gen (seed=46, idx=83)"
syn_pie_0183__q3,synthetic,gold/images/syn_pie_0183.png,Was Organic's traffic share greater than Referral's?,Yes,pie,compare_categories,medium,true,train,"annotated pie; procedural gen (seed=46, idx=83)"
syn_pie_0184__q3,synthetic,gold/images/syn_pie_0184.png,Was Operations' share of budget larger than Marketing's?,Yes,pie,compare_categories,medium,true,train,"annotated pie; procedural gen (seed=46, idx=84)"
syn_pie_0185__q1,synthetic,gold/images/syn_pie_0185.png,What share of spend did Paid Search represent?,28.5%,pie,lookup_value,easy,true,train,"annotated pie; procedural gen (seed=46, idx=85)"
syn_pie_0185__q3,synthetic,gold/images/syn_pie_0185.png,Did Direct have a bigger share of spend than Paid Search?,No,pie,compare_categories,medium,true,train,"annotated pie; procedural gen (seed=46, idx=85)"
syn_pie_0186__q3,synthetic,gold/images/syn_pie_0186.png,Was Software's sales share greater than Services'?,No,pie,compare_categories,medium,true,train,"annotated pie; procedural gen (seed=46, idx=86)"
syn_pie_0186__q4,synthetic,gold/images/syn_pie_0186.png,Name the bottom 3 categories by sales share.,"Hardware, Subscriptions, Software",pie,rank_order,medium,true,train,"annotated pie; procedural gen (seed=46, idx=86)"
syn_pie_0187__q1,synthetic,gold/images/syn_pie_0187.png,What percentage of revenue came from MEA?,14.3%,pie,lookup_value,easy,true,train,"annotated pie; procedural gen (seed=46, idx=87)"
syn_pie_0187__q3,synthetic,gold/images/syn_pie_0187.png,Was MEA's share of revenue larger than NA's?,No,pie,compare_categories,medium,true,train,"annotated pie; procedural gen (seed=46, idx=87)"
syn_pie_0188__q1,synthetic,gold/images/syn_pie_0188.png,What share of traffic did Direct represent?,6.9%,pie,lookup_value,easy,true,train,"annotated pie; procedural gen (seed=46, idx=88)"
syn_pie_0188__q3,synthetic,gold/images/syn_pie_0188.png,Did Referral have a bigger share of traffic than Social?,No,pie,compare_categories,medium,true,train,"annotated pie; procedural gen (seed=46, idx=88)"
syn_pie_0188__q4,synthetic,gold/images/syn_pie_0188.png,List the top 3 sources by share of traffic.,"Email, Social, Referral",pie,rank_order,medium,true,train,"annotated pie; procedural gen (seed=46, idx=88)"
syn_pie_0189__q3,synthetic,gold/images/syn_pie_0189.png,Was HR's budget share greater than Sales'?,No,pie,compare_categories,medium,true,train,"annotated pie; procedural gen (seed=46, idx=89)"
syn_pie_0190__q1,synthetic,gold/images/syn_pie_0190.png,What percentage of spend came from Social?,13.5%,pie,lookup_value,easy,true,train,"annotated pie; procedural gen (seed=46, idx=90)"
syn_pie_0190__q3,synthetic,gold/images/syn_pie_0190.png,Was Social's share of spend larger than Display's?,No,pie,compare_categories,medium,true,train,"annotated pie; procedural gen (seed=46, idx=90)"
syn_pie_0190__q4,synthetic,gold/images/syn_pie_0190.png,Rank the bottom 3 channels by share of spend.,"SEO, Social, Display",pie,rank_order,medium,true,train,"annotated pie; procedural gen (seed=46, idx=90)"
syn_pie_0191__q3,synthetic,gold/images/syn_pie_0191.png,Did Consulting have a bigger share of sales than Hardware?,Yes,pie,compare_categories,medium,true,train,"annotated pie; procedural gen (seed=46, idx=91)"
syn_pie_0192__q3,synthetic,gold/images/syn_pie_0192.png,Was MEA's revenue share greater than LATAM's?,Yes,pie,compare_categories,medium,true,train,"annotated pie; procedural gen (seed=46, idx=92)"
syn_pie_0192__q4,synthetic,gold/images/syn_pie_0192.png,Name the top 3 regions by revenue share.,"MEA, LATAM, NA",pie,rank_order,medium,true,train,"annotated pie; procedural gen (seed=46, idx=92)"
syn_pie_0193__q3,synthetic,gold/images/syn_pie_0193.png,Was Social's share of traffic larger than Organic's?,No,pie,compare_categories,medium,true,train,"annotated pie; procedural gen (seed=46, idx=93)"
syn_stacked_0001__q3,synthetic,gold/images/syn_stacked_0001.png,What was Consumer's total revenue?,$4100,stacked_bar,aggregation_sum_avg,medium,true,train,annotated stacked bars; segments >8% of max total labeled
syn_stacked_0001__q4,synthetic,gold/images/syn_stacked_0001.png,Rank the top 3 segments by total revenue.,"Enterprise, Consumer, SMB",stacked_bar,rank_order,medium,true,train,annotated stacked bars; segments >8% of max total labeled
syn_stacked_0002__q2,synthetic,gold/images/syn_stacked_0002.png,Which quarter recorded the lowest total revenue?,Q1,stacked_bar,max_min,medium,true,train,annotated stacked bars; segments >8% of max total labeled
syn_stacked_0002__q3,synthetic,gold/images/syn_stacked_0002.png,How much total revenue did Q2 generate?,$7000,stacked_bar,aggregation_sum_avg,medium,true,train,annotated stacked bars; segments >8% of max total labeled
syn_stacked_0100__q2,synthetic,gold/images/syn_stacked_0100.png,Which segment recorded the highest total revenue?,Enterprise,stacked_bar,max_min,medium,true,train,"annotated stacked bars; procedural gen (seed=45, idx=0)"
syn_stacked_0100__q3,synthetic,gold/images/syn_stacked_0100.png,What was the total revenue for Government?,$6900,stacked_bar,aggregation_sum_avg,medium,true,train,"annotated stacked bars; procedural gen (seed=45, idx=0)"
syn_stacked_0100__q4,synthetic,gold/images/syn_stacked_0100.png,Name the top 3 segments in total revenue.,"Enterprise, Government, SMB",stacked_bar,rank_order,medium,true,train,"annotated stacked bars; procedural gen (seed=45, idx=0)"
syn_stacked_0101__q1,synthetic,gold/images/syn_stacked_0101.png,What was the Organic revenue for Q3?,$2100,stacked_bar,lookup_value,medium,true,train,"annotated stacked bars; procedural gen (seed=45, idx=1)"
syn_stacked_0101__q3,synthetic,gold/images/syn_stacked_0101.png,What was Q1's total revenue?,$6400,stacked_bar,aggregation_sum_avg,medium,true,train,"annotated stacked bars; procedural gen (seed=45, idx=1)"
syn_stacked_0102__q3,synthetic,gold/images/syn_stacked_0102.png,How much total revenue did EMEA generate?,$6700,stacked_bar,aggregation_sum_avg,medium,true,train,"annotated stacked bars; procedural gen (seed=45, idx=2)"
syn_stacked_0103__q1,synthetic,gold/images/syn_stacked_0103.png,How much Basic revenue did Education contribute?,$1800,stacked_bar,lookup_value,medium,true,train,"annotated stacked bars; procedural gen (seed=45, idx=3)"
syn_stacked_0103__q3,synthetic,gold/images/syn_stacked_0103.png,What was the total revenue for SMB?,$7400,stacked_bar,aggregation_sum_avg,medium,true,train,"annotated stacked bars; procedural gen (seed=45, idx=3)"
syn_stacked_0104__q4,synthetic,gold/images/syn_stacked_0104.png,Rank the top 3 quarters by total revenue.,"Q3, Q2, Q4",stacked_bar,rank_order,medium,true,train,"annotated stacked bars; procedural gen (seed=45, idx=4)"
syn_stacked_0105__q1,synthetic,gold/images/syn_stacked_0105.png,Basic revenue for EMEA?,$600,stacked_bar,lookup_value,medium,true,train,"annotated stacked bars; procedural gen (seed=45, idx=5)"
syn_stacked_0105__q2,synthetic,gold/images/syn_stacked_0105.png,Which region recorded the lowest total revenue?,EMEA,stacked_bar,max_min,medium,true,train,"annotated stacked bars; procedural gen (seed=45, idx=5)"
syn_stacked_0105__q3,synthetic,gold/images/syn_stacked_0105.png,How much total revenue did NA generate?,$6600,stacked_bar,aggregation_sum_avg,medium,true,train,"annotated stacked bars; procedural gen (seed=45, idx=5)"
syn_stacked_0106__q1,synthetic,gold/images/syn_stacked_0106.png,How much Premium revenue did Government contribute?,$500,stacked_bar,lookup_value,medium,true,train,"annotated stacked bars; procedural gen (seed=45, idx=6)"
syn_stacked_0106__q3,synthetic,gold/images/syn_stacked_0106.png,What was the total revenue for Government?,$2300,stacked_bar,aggregation_sum_avg,medium,true,train,"annotated stacked bars; procedural gen (seed=45, idx=6)"
syn_stacked_0107__q3,synthetic,gold/images/syn_stacked_0107.png,What was Q2's total revenue?,$6200,stacked_bar,aggregation_sum_avg,medium,true,train,"annotated stacked bars; procedural gen (seed=45, idx=7)"
syn_stacked_0108__q1,synthetic,gold/images/syn_stacked_0108.png,Basic revenue for NA?,$1500,stacked_bar,lookup_value,medium,true,train,"annotated stacked bars; procedural gen (seed=45, idx=8)"
syn_stacked_0109__q3,synthetic,gold/images/syn_stacked_0109.png,What was the total revenue for Government?,$8800,stacked_bar,aggregation_sum_avg,medium,true,train,"annotated stacked bars; procedural gen (seed=45, idx=9)"
syn_stacked_0110__q3,synthetic,gold/images/syn_stacked_0110.png,What was Q3's total revenue?,$7100,stacked_bar,aggregation_sum_avg,medium,true,train,"annotated stacked bars; procedural gen (seed=45, idx=10)"
syn_stacked_0111__q3,synthetic,gold/images/syn_stacked_0111.png,How much total revenue did NA generate?,$7000,stacked_bar,aggregation_sum_avg,medium,true,train,"annotated stacked bars; procedural gen (seed=45, idx=11)"
syn_stacked_0112__q3,synthetic,gold/images/syn_stacked_0112.png,What was the total revenue for Enterprise?,$6300,stacked_bar,aggregation_sum_avg,medium,true,train,"annotated stacked bars; procedural gen (seed=45, idx=12)"
syn_stacked_0112__q4,synthetic,gold/images/syn_stacked_0112.png,Name the top 3 segments in total revenue.,"Consumer, Enterprise, Education",stacked_bar,rank_order,medium,true,train,"annotated stacked bars; procedural gen (seed=45, idx=12)"
syn_stacked_0113__q3,synthetic,gold/images/syn_stacked_0113.png,What was Q2's total revenue?,$6400,stacked_bar,aggregation_sum_avg,medium,true,train,"annotated stacked bars; procedural gen (seed=45, idx=13)"
syn_stacked_0114__q3,synthetic,gold/images/syn_stacked_0114.png,How much total revenue did LATAM generate?,$6500,stacked_bar,aggregation_sum_avg,medium,true,train,"annotated stacked bars; procedural gen (seed=45, idx=14)"
syn_stacked_0114__q4,synthetic,gold/images/syn_stacked_0114.png,List the bottom 3 regions by total revenue.,"NA, APAC, LATAM",stacked_bar,rank_order,medium,true,train,"annotated stacked bars; procedural gen (seed=45, idx=14)"
syn_stacked_0115__q2,synthetic,gold/images/syn_stacked_0115.png,Which segment had the smallest total revenue?,Enterprise,stacked_bar,max_min,medium,true,train,"annotated stacked bars; procedural gen (seed=45, idx=15)"
syn_stacked_0115__q3,synthetic,gold/images/syn_stacked_0115.png,What was the total revenue for Government?,$9600,stacked_bar,aggregation_sum_avg,medium,true,train,"annotated stacked bars; procedural gen (seed=45, idx=15)"
syn_stacked_0116__q3,synthetic,gold/images/syn_stacked_0116.png,What was Q3's total revenue?,$6600,stacked_bar,aggregation_sum_avg,medium,true,train,"annotated stacked bars; procedural gen (seed=45, idx=16)"
syn_stacked_0116__q4,synthetic,gold/images/syn_stacked_0116.png,Rank the top 3 quarters by total revenue.,"Q4, Q3, Q1",stacked_bar,rank_order,medium,true,train,"annotated stacked bars; procedural gen (seed=45, idx=16)"
syn_stacked_0117__q3,synthetic,gold/images/syn_stacked_0117.png,How much total revenue did LATAM generate?,$8500,stacked_bar,aggregation_sum_avg,medium,true,train,"annotated stacked bars; procedural gen (seed=45, idx=17)"
syn_stacked_0118__q3,synthetic,gold/images/syn_stacked_0118.png,What was the total revenue for Education?,$6900,stacked_bar,aggregation_sum_avg,medium,true,train,"annotated stacked bars; procedural gen (seed=45, idx=18)"
syn_stacked_0119__q1,synthetic,gold/images/syn_stacked_0119.png,What was the Direct revenue for Q1?,$4100,stacked_bar,lookup_value,medium,true,train,"annotated stacked bars; procedural gen (seed=45, idx=19)"
syn_stacked_0120__q3,synthetic,gold/images/syn_stacked_0120.png,How much total revenue did LATAM generate?,$6300,stacked_bar,aggregation_sum_avg,medium,true,train,"annotated stacked bars; procedural gen (seed=45, idx=20)"
syn_stacked_0121__q1,synthetic,gold/images/syn_stacked_0121.png,How much Pro revenue did SMB contribute?,$600,stacked_bar,lookup_value,medium,true,train,"annotated stacked bars; procedural gen (seed=45, idx=21)"
syn_stacked_0121__q3,synthetic,gold/images/syn_stacked_0121.png,What was the total revenue for SMB?,$5200,stacked_bar,aggregation_sum_avg,medium,true,train,"annotated stacked bars; procedural gen (seed=45, idx=21)"
syn_stacked_0122__q4,synthetic,gold/images/syn_stacked_0122.png,Rank the bottom 3 quarters by total revenue.,"Q2, Q4, Q3",stacked_bar,rank_order,medium,true,train,"annotated stacked bars; procedural gen (seed=45, idx=22)"
syn_stacked_0123__q2,synthetic,gold/images/syn_stacked_0123.png,Which region led in total revenue?,EMEA,stacked_bar,max_min,medium,true,train,"annotated stacked bars; procedural gen (seed=45, idx=23)"
syn_stacked_0123__q3,synthetic,gold/images/syn_stacked_0123.png,How much total revenue did EMEA generate?,$6400,stacked_bar,aggregation_sum_avg,medium,true,train,"annotated stacked bars; procedural gen (seed=45, idx=23)"
syn_stacked_0124__q4,synthetic,gold/images/syn_stacked_0124.png,Name the top 3 segments in total revenue.,"Government, Enterprise, Consumer",stacked_bar,rank_order,medium,true,train,"annotated stacked bars; procedural gen (seed=45, idx=24)"
syn_stacked_0125__q2,synthetic,gold/images/syn_stacked_0125.png,Which quarter had the highest total revenue?,Q3,stacked_bar,max_min,medium,true,train,"annotated stacked bars; procedural gen (seed=45, idx=25)"
syn_stacked_0126__q1,synthetic,gold/images/syn_stacked_0126.png,Services revenue for EMEA?,$1200,stacked_bar,lookup_value,medium,true,train,"annotated stacked bars; procedural gen (seed=45, idx=26)"
syn_stacked_0126__q3,synthetic,gold/images/syn_stacked_0126.png,How much total revenue did APAC generate?,$3800,stacked_bar,aggregation_sum_avg,medium,true,train,"annotated stacked bars; procedural gen (seed=45, idx=26)"
syn_stacked_0127__q1,synthetic,gold/images/syn_stacked_0127.png,How much Premium revenue did Government contribute?,$700,stacked_bar,lookup_value,medium,true,train,"annotated stacked bars; procedural gen (seed=45, idx=27)"
syn_stacked_0127__q3,synthetic,gold/images/syn_stacked_0127.png,What was the total revenue for Government?,$4900,stacked_bar,aggregation_sum_avg,medium,true,train,"annotated stacked bars; procedural gen (seed=45, idx=27)"
syn_stacked_0128__q1,synthetic,gold/images/syn_stacked_0128.png,What was the Paid revenue for Q2?,$2900,stacked_bar,lookup_value,medium,true,train,"annotated stacked bars; procedural gen (seed=45, idx=28)"
syn_stacked_0128__q2,synthetic,gold/images/syn_stacked_0128.png,Which quarter had the highest total revenue?,Q4,stacked_bar,max_min,medium,true,train,"annotated stacked bars; procedural gen (seed=45, idx=28)"
syn_stacked_0128__q3,synthetic,gold/images/syn_stacked_0128.png,What was Q1's total revenue?,$7300,stacked_bar,aggregation_sum_avg,medium,true,train,"annotated stacked bars; procedural gen (seed=45, idx=28)"
syn_stacked_0129__q1,synthetic,gold/images/syn_stacked_0129.png,Premium revenue for LATAM?,$700,stacked_bar,lookup_value,medium,true,train,"annotated stacked bars; procedural gen (seed=45, idx=29)"
syn_stacked_0129__q3,synthetic,gold/images/syn_stacked_0129.png,How much total revenue did EMEA generate?,$6200,stacked_bar,aggregation_sum_avg,medium,true,train,"annotated stacked bars; procedural gen (seed=45, idx=29)"
syn_stacked_0130__q3,synthetic,gold/images/syn_stacked_0130.png,What was the total revenue for Government?,$8400,stacked_bar,aggregation_sum_avg,medium,true,train,"annotated stacked bars; procedural gen (seed=45, idx=30)"
syn_stacked_0130__q4,synthetic,gold/images/syn_stacked_0130.png,Name the bottom 3 segments in total revenue.,"Enterprise, Education, Consumer",stacked_bar,rank_order,medium,true,train,"annotated stacked bars; procedural gen (seed=45, idx=30)"
syn_stacked_0131__q1,synthetic,gold/images/syn_stacked_0131.png,What was the Organic revenue for Q4?,$3600,stacked_bar,lookup_value,medium,true,train,"annotated stacked bars; procedural gen (seed=45, idx=31)"
syn_stacked_0131__q3,synthetic,gold/images/syn_stacked_0131.png,What was Q4's total revenue?,$11200,stacked_bar,aggregation_sum_avg,medium,true,train,"annotated stacked bars; procedural gen (seed=45, idx=31)"
syn_stacked_0132__q3,synthetic,gold/images/syn_stacked_0132.png,How much total revenue did EMEA generate?,$7100,stacked_bar,aggregation_sum_avg,medium,true,train,"annotated stacked bars; procedural gen (seed=45, idx=32)"
syn_stacked_0133__q2,synthetic,gold/images/syn_stacked_0133.png,Which segment recorded the highest total revenue?,Consumer,stacked_bar,max_min,medium,true,train,"annotated stacked bars; procedural gen (seed=45, idx=33)"
syn_stacked_0133__q3,synthetic,gold/images/syn_stacked_0133.png,What was the total revenue for Consumer?,$8400,stacked_bar,aggregation_sum_avg,medium,true,train,"annotated stacked bars; procedural gen (seed=45, idx=33)"
syn_stacked_0134__q1,synthetic,gold/images/syn_stacked_0134.png,What was the Organic revenue for Q1?,$1500,stacked_bar,lookup_value,medium,true,train,"annotated stacked bars; procedural gen (seed=45, idx=34)"
syn_stacked_0134__q3,synthetic,gold/images/syn_stacked_0134.png,What was Q1's total revenue?,$7600,stacked_bar,aggregation_sum_avg,medium,true,train,"annotated stacked bars; procedural gen (seed=45, idx=34)"
syn_stacked_0135__q2,synthetic,gold/images/syn_stacked_0135.png,Which region recorded the lowest total revenue?,LATAM,stacked_bar,max_min,medium,true,train,"annotated stacked bars; procedural gen (seed=45, idx=35)"
syn_stacked_0135__q3,synthetic,gold/images/syn_stacked_0135.png,How much total revenue did LATAM generate?,$5400,stacked_bar,aggregation_sum_avg,medium,true,train,"annotated stacked bars; procedural gen (seed=45, idx=35)"
syn_stacked_0136__q3,synthetic,gold/images/syn_stacked_0136.png,What was the total revenue for SMB?,$4700,stacked_bar,aggregation_sum_avg,medium,true,train,"annotated stacked bars; procedural gen (seed=45, idx=36)"
syn_stacked_0137__q3,synthetic,gold/images/syn_stacked_0137.png,What was Q3's total revenue?,$5000,stacked_bar,aggregation_sum_avg,medium,true,train,"annotated stacked bars; procedural gen (seed=45, idx=37)"
syn_stacked_0138__q3,synthetic,gold/images/syn_stacked_0138.png,How much total revenue did EMEA generate?,$3400,stacked_bar,aggregation_sum_avg,medium,true,train,"annotated stacked bars; procedural gen (seed=45, idx=38)"
syn_stacked_0138__q4,synthetic,gold/images/syn_stacked_0138.png,List the bottom 3 regions by total revenue.,"EMEA, NA, APAC",stacked_bar,rank_order,medium,true,train,"annotated stacked bars; procedural gen (seed=45, idx=38)"
syn_stacked_0139__q3,synthetic,gold/images/syn_stacked_0139.png,What was the total revenue for Enterprise?,$8800,stacked_bar,aggregation_sum_avg,medium,true,train,"annotated stacked bars; procedural gen (seed=45, idx=39)"
syn_stacked_0140__q1,synthetic,gold/images/syn_stacked_0140.png,What was the Direct revenue for Q4?,$600,stacked_bar,lookup_value,medium,true,train,"annotated stacked bars; procedural gen (seed=45, idx=40)"
syn_stacked_0140__q3,synthetic,gold/images/syn_stacked_0140.png,What was Q2's total revenue?,$8900,stacked_bar,aggregation_sum_avg,medium,true,train,"annotated stacked bars; procedural gen (seed=45, idx=40)"
syn_stacked_0140__q4,synthetic,gold/images/syn_stacked_0140.png,Rank the top 3 quarters by total revenue.,"Q2, Q3, Q4",stacked_bar,rank_order,medium,true,train,"annotated stacked bars; procedural gen (seed=45, idx=40)"
syn_stacked_0141__q2,synthetic,gold/images/syn_stacked_0141.png,Which region led in total revenue?,LATAM,stacked_bar,max_min,medium,true,train,"annotated stacked bars; procedural gen (seed=45, idx=41)"
syn_stacked_0141__q3,synthetic,gold/images/syn_stacked_0141.png,How much total revenue did LATAM generate?,$7800,stacked_bar,aggregation_sum_avg,medium,true,train,"annotated stacked bars; procedural gen (seed=45, idx=41)"
syn_stacked_0142__q3,synthetic,gold/images/syn_stacked_0142.png,What was the total revenue for Government?,$4200,stacked_bar,aggregation_sum_avg,medium,true,train,"annotated stacked bars; procedural gen (seed=45, idx=42)"
syn_stacked_0143__q3,synthetic,gold/images/syn_stacked_0143.png,What was Q2's total revenue?,$8000,stacked_bar,aggregation_sum_avg,medium,true,train,"annotated stacked bars; procedural gen (seed=45, idx=43)"
syn_stacked_0144__q3,synthetic,gold/images/syn_stacked_0144.png,How much total revenue did APAC generate?,$6100,stacked_bar,aggregation_sum_avg,medium,true,train,"annotated stacked bars; procedural gen (seed=45, idx=44)"
syn_stacked_0144__q4,synthetic,gold/images/syn_stacked_0144.png,List the top 3 regions by total revenue.,"EMEA, NA, APAC",stacked_bar,rank_order,medium,true,train,"annotated stacked bars; procedural gen (seed=45, idx=44)"
syn_stacked_0145__q1,synthetic,gold/images/syn_stacked_0145.png,How much Pro revenue did Consumer contribute?,$1700,stacked_bar,lookup_value,medium,true,train,"annotated stacked bars; procedural gen (seed=45, idx=45)"
syn_stacked_0145__q2,synthetic,gold/images/syn_stacked_0145.png,Which segment recorded the highest total revenue?,Enterprise,stacked_bar,max_min,medium,true,train,"annotated stacked bars; procedural gen (seed=45, idx=45)"
syn_stacked_0146__q2,synthetic,gold/images/syn_stacked_0146.png,Which quarter had the lowest total revenue?,Q2,stacked_bar,max_min,medium,true,train,"annotated stacked bars; procedural gen (seed=45, idx=46)"
syn_stacked_0146__q3,synthetic,gold/images/syn_stacked_0146.png,What was Q4's total revenue?,$5700,stacked_bar,aggregation_sum_avg,medium,true,train,"annotated stacked bars; procedural gen (seed=45, idx=46)"
syn_stacked_0146__q4,synthetic,gold/images/syn_stacked_0146.png,Rank the bottom 3 quarters by total revenue.,"Q2, Q4, Q3",stacked_bar,rank_order,medium,true,train,"annotated stacked bars; procedural gen (seed=45, idx=46)"
syn_stacked_0147__q3,synthetic,gold/images/syn_stacked_0147.png,How much total revenue did LATAM generate?,$8100,stacked_bar,aggregation_sum_avg,medium,true,train,"annotated stacked bars; procedural gen (seed=45, idx=47)"
syn_stacked_0148__q3,synthetic,gold/images/syn_stacked_0148.png,What was the total revenue for Enterprise?,$3200,stacked_bar,aggregation_sum_avg,medium,true,train,"annotated stacked bars; procedural gen (seed=45, idx=48)"
syn_stacked_0149__q1,synthetic,gold/images/syn_stacked_0149.png,What was the Marketplace revenue for Q1?,$700,stacked_bar,lookup_value,medium,true,train,"annotated stacked bars; procedural gen (seed=45, idx=49)"
syn_stacked_0149__q2,synthetic,gold/images/syn_stacked_0149.png,Which quarter had the highest total revenue?,Q2,stacked_bar,max_min,medium,true,train,"annotated stacked bars; procedural gen (seed=45, idx=49)"
syn_stacked_0149__q3,synthetic,gold/images/syn_stacked_0149.png,What was Q1's total revenue?,$4400,stacked_bar,aggregation_sum_avg,medium,true,train,"annotated stacked bars; procedural gen (seed=45, idx=49)"
syn_stacked_0150__q1,synthetic,gold/images/syn_stacked_0150.png,Hardware revenue for APAC?,$1900,stacked_bar,lookup_value,medium,true,train,"annotated stacked bars; procedural gen (seed=45, idx=50)"
syn_stacked_0150__q3,synthetic,gold/images/syn_stacked_0150.png,How much total revenue did LATAM generate?,$3700,stacked_bar,aggregation_sum_avg,medium,true,train,"annotated stacked bars; procedural gen (seed=45, idx=50)"
syn_stacked_0151__q1,synthetic,gold/images/syn_stacked_0151.png,How much Basic revenue did Education contribute?,$3400,stacked_bar,lookup_value,medium,true,train,"annotated stacked bars; procedural gen (seed=45, idx=51)"
syn_stacked_0151__q3,synthetic,gold/images/syn_stacked_0151.png,What was the total revenue for Consumer?,$2400,stacked_bar,aggregation_sum_avg,medium,true,train,"annotated stacked bars; procedural gen (seed=45, idx=51)"
syn_stacked_0152__q1,synthetic,gold/images/syn_stacked_0152.png,What was the Marketplace revenue for Q2?,$1500,stacked_bar,lookup_value,medium,true,train,"annotated stacked bars; procedural gen (seed=45, idx=52)"
syn_stacked_0152__q3,synthetic,gold/images/syn_stacked_0152.png,What was Q2's total revenue?,$6900,stacked_bar,aggregation_sum_avg,medium,true,train,"annotated stacked bars; procedural gen (seed=45, idx=52)"
syn_stacked_0153__q1,synthetic,gold/images/syn_stacked_0153.png,Hardware revenue for EMEA?,$1400,stacked_bar,lookup_value,medium,true,train,"annotated stacked bars; procedural gen (seed=45, idx=53)"
syn_stacked_0153__q3,synthetic,gold/images/syn_stacked_0153.png,How much total revenue did APAC generate?,$4500,stacked_bar,aggregation_sum_avg,medium,true,train,"annotated stacked bars; procedural gen (seed=45, idx=53)"
syn_stacked_0154__q3,synthetic,gold/images/syn_stacked_0154.png,What was the total revenue for Government?,$3100,stacked_bar,aggregation_sum_avg,medium,true,train,"annotated stacked bars; procedural gen (seed=45, idx=54)"
syn_stacked_0154__q4,synthetic,gold/images/syn_stacked_0154.png,Name the bottom 3 segments in total revenue.,"Government, Education, Enterprise",stacked_bar,rank_order,medium,true,train,"annotated stacked bars; procedural gen (seed=45, idx=54)"
syn_stacked_0155__q1,synthetic,gold/images/syn_stacked_0155.png,What was the Referral revenue for Q1?,$4500,stacked_bar,lookup_value,medium,true,train,"annotated stacked bars; procedural gen (seed=45, idx=55)"
syn_stacked_0155__q2,synthetic,gold/images/syn_stacked_0155.png,Which quarter had the lowest total revenue?,Q2,stacked_bar,max_min,medium,true,train,"annotated stacked bars; procedural gen (seed=45, idx=55)"
syn_stacked_0155__q3,synthetic,gold/images/syn_stacked_0155.png,What was Q4's total revenue?,$8500,stacked_bar,aggregation_sum_avg,medium,true,train,"annotated stacked bars; procedural gen (seed=45, idx=55)"
syn_stacked_0156__q1,synthetic,gold/images/syn_stacked_0156.png,Premium revenue for NA?,$2900,stacked_bar,lookup_value,medium,true,train,"annotated stacked bars; procedural gen (seed=45, idx=56)"
syn_stacked_0156__q3,synthetic,gold/images/syn_stacked_0156.png,How much total revenue did LATAM generate?,$3100,stacked_bar,aggregation_sum_avg,medium,true,train,"annotated stacked bars; procedural gen (seed=45, idx=56)"
syn_stacked_0158__q1,synthetic,gold/images/syn_stacked_0158.png,What was the Direct revenue for Q3?,$4100,stacked_bar,lookup_value,medium,true,train,"annotated stacked bars; procedural gen (seed=45, idx=58)"
syn_stacked_0158__q4,synthetic,gold/images/syn_stacked_0158.png,Rank the bottom 3 quarters by total revenue.,"Q4, Q3, Q1",stacked_bar,rank_order,medium,true,train,"annotated stacked bars; procedural gen (seed=45, idx=58)"
syn_stacked_0159__q3,synthetic,gold/images/syn_stacked_0159.png,How much total revenue did LATAM generate?,$5200,stacked_bar,aggregation_sum_avg,medium,true,train,"annotated stacked bars; procedural gen (seed=45, idx=59)"
syn_stacked_0160__q1,synthetic,gold/images/syn_stacked_0160.png,How much Pro revenue did Consumer contribute?,$2800,stacked_bar,lookup_value,medium,true,train,"annotated stacked bars; procedural gen (seed=45, idx=60)"
syn_stacked_0160__q2,synthetic,gold/images/syn_stacked_0160.png,Which segment recorded the highest total revenue?,Consumer,stacked_bar,max_min,medium,true,train,"annotated stacked bars; procedural gen (seed=45, idx=60)"
syn_stacked_0160__q3,synthetic,gold/images/syn_stacked_0160.png,What was the total revenue for Consumer?,$9400,stacked_bar,aggregation_sum_avg,medium,true,train,"annotated stacked bars; procedural gen (seed=45, idx=60)"
syn_stacked_0160__q4,synthetic,gold/images/syn_stacked_0160.png,Name the top 3 segments in total revenue.,"Consumer, Enterprise, Education",stacked_bar,rank_order,medium,true,train,"annotated stacked bars; procedural gen (seed=45, idx=60)"
syn_stacked_0161__q3,synthetic,gold/images/syn_stacked_0161.png,What was Q3's total revenue?,$5200,stacked_bar,aggregation_sum_avg,medium,true,train,"annotated stacked bars; procedural gen (seed=45, idx=61)"
syn_stacked_0162__q3,synthetic,gold/images/syn_stacked_0162.png,How much total revenue did EMEA generate?,$7800,stacked_bar,aggregation_sum_avg,medium,true,train,"annotated stacked bars; procedural gen (seed=45, idx=62)"
syn_stacked_0163__q1,synthetic,gold/images/syn_stacked_0163.png,How much Basic revenue did Government contribute?,$1900,stacked_bar,lookup_value,medium,true,train,"annotated stacked bars; procedural gen (seed=45, idx=63)"
syn_stacked_0163__q2,synthetic,gold/images/syn_stacked_0163.png,Which segment recorded the highest total revenue?,SMB,stacked_bar,max_min,medium,true,train,"annotated stacked bars; procedural gen (seed=45, idx=63)"
syn_stacked_0163__q3,synthetic,gold/images/syn_stacked_0163.png,What was the total revenue for Enterprise?,$6300,stacked_bar,aggregation_sum_avg,medium,true,train,"annotated stacked bars; procedural gen (seed=45, idx=63)"
syn_stacked_0164__q3,synthetic,gold/images/syn_stacked_0164.png,What was Q2's total revenue?,$7300,stacked_bar,aggregation_sum_avg,medium,true,train,"annotated stacked bars; procedural gen (seed=45, idx=64)"
syn_stacked_0164__q4,synthetic,gold/images/syn_stacked_0164.png,Rank the top 3 quarters by total revenue.,"Q3, Q4, Q2",stacked_bar,rank_order,medium,true,train,"annotated stacked bars; procedural gen (seed=45, idx=64)"
syn_stacked_0165__q2,synthetic,gold/images/syn_stacked_0165.png,Which region led in total revenue?,EMEA,stacked_bar,max_min,medium,true,train,"annotated stacked bars; procedural gen (seed=45, idx=65)"
syn_stacked_0165__q3,synthetic,gold/images/syn_stacked_0165.png,How much total revenue did NA generate?,$7300,stacked_bar,aggregation_sum_avg,medium,true,train,"annotated stacked bars; procedural gen (seed=45, idx=65)"
syn_stacked_0166__q1,synthetic,gold/images/syn_stacked_0166.png,How much Pro revenue did Enterprise contribute?,$3000,stacked_bar,lookup_value,medium,true,train,"annotated stacked bars; procedural gen (seed=45, idx=66)"
syn_stacked_0166__q3,synthetic,gold/images/syn_stacked_0166.png,What was the total revenue for Education?,$7000,stacked_bar,aggregation_sum_avg,medium,true,train,"annotated stacked bars; procedural gen (seed=45, idx=66)"
syn_stacked_0166__q4,synthetic,gold/images/syn_stacked_0166.png,Name the bottom 3 segments in total revenue.,"Enterprise, SMB, Education",stacked_bar,rank_order,medium,true,train,"annotated stacked bars; procedural gen (seed=45, idx=66)"
syn_stacked_0167__q3,synthetic,gold/images/syn_stacked_0167.png,What was Q1's total revenue?,$8600,stacked_bar,aggregation_sum_avg,medium,true,train,"annotated stacked bars; procedural gen (seed=45, idx=67)"
syn_stacked_0168__q1,synthetic,gold/images/syn_stacked_0168.png,Services revenue for APAC?,$3000,stacked_bar,lookup_value,medium,true,train,"annotated stacked bars; procedural gen (seed=45, idx=68)"
syn_stacked_0168__q3,synthetic,gold/images/syn_stacked_0168.png,How much total revenue did EMEA generate?,$4700,stacked_bar,aggregation_sum_avg,medium,true,train,"annotated stacked bars; procedural gen (seed=45, idx=68)"
syn_stacked_0169__q3,synthetic,gold/images/syn_stacked_0169.png,What was the total revenue for Enterprise?,$6500,stacked_bar,aggregation_sum_avg,medium,true,train,"annotated stacked bars; procedural gen (seed=45, idx=69)"
syn_stacked_0170__q1,synthetic,gold/images/syn_stacked_0170.png,What was the Organic revenue for Q2?,$1500,stacked_bar,lookup_value,medium,true,train,"annotated stacked bars; procedural gen (seed=45, idx=70)"
syn_stacked_0170__q3,synthetic,gold/images/syn_stacked_0170.png,What was Q3's total revenue?,$9400,stacked_bar,aggregation_sum_avg,medium,true,train,"annotated stacked bars; procedural gen (seed=45, idx=70)"
syn_stacked_0172__q1,synthetic,gold/images/syn_stacked_0172.png,How much Basic revenue did Government contribute?,$1000,stacked_bar,lookup_value,medium,true,train,"annotated stacked bars; procedural gen (seed=45, idx=72)"
syn_stacked_0172__q3,synthetic,gold/images/syn_stacked_0172.png,What was the total revenue for Education?,$5000,stacked_bar,aggregation_sum_avg,medium,true,train,"annotated stacked bars; procedural gen (seed=45, idx=72)"
syn_stacked_0172__q4,synthetic,gold/images/syn_stacked_0172.png,Name the top 3 segments in total revenue.,"Enterprise, Education, Consumer",stacked_bar,rank_order,medium,true,train,"annotated stacked bars; procedural gen (seed=45, idx=72)"
syn_stacked_0173__q3,synthetic,gold/images/syn_stacked_0173.png,What was Q4's total revenue?,$8600,stacked_bar,aggregation_sum_avg,medium,true,train,"annotated stacked bars; procedural gen (seed=45, idx=73)"
syn_stacked_0174__q1,synthetic,gold/images/syn_stacked_0174.png,Premium revenue for NA?,$1700,stacked_bar,lookup_value,medium,true,train,"annotated stacked bars; procedural gen (seed=45, idx=74)"
syn_stacked_0175__q1,synthetic,gold/images/syn_stacked_0175.png,How much Premium revenue did Consumer contribute?,$2000,stacked_bar,lookup_value,medium,true,train,"annotated stacked bars; procedural gen (seed=45, idx=75)"
syn_stacked_0175__q3,synthetic,gold/images/syn_stacked_0175.png,What was the total revenue for SMB?,$8200,stacked_bar,aggregation_sum_avg,medium,true,train,"annotated stacked bars; procedural gen (seed=45, idx=75)"
syn_stacked_0176__q1,synthetic,gold/images/syn_stacked_0176.png,What was the Organic revenue for Q2?,$3300,stacked_bar,lookup_value,medium,true,train,"annotated stacked bars; procedural gen (seed=45, idx=76)"
syn_stacked_0176__q3,synthetic,gold/images/syn_stacked_0176.png,What was Q1's total revenue?,$8900,stacked_bar,aggregation_sum_avg,medium,true,train,"annotated stacked bars; procedural gen (seed=45, idx=76)"
syn_stacked_0177__q3,synthetic,gold/images/syn_stacked_0177.png,How much total revenue did LATAM generate?,$7700,stacked_bar,aggregation_sum_avg,medium,true,train,"annotated stacked bars; procedural gen (seed=45, idx=77)"
syn_stacked_0178__q3,synthetic,gold/images/syn_stacked_0178.png,What was the total revenue for Enterprise?,$8400,stacked_bar,aggregation_sum_avg,medium,true,train,"annotated stacked bars; procedural gen (seed=45, idx=78)"
syn_stacked_0178__q4,synthetic,gold/images/syn_stacked_0178.png,Name the bottom 3 segments in total revenue.,"Government, Consumer, Education",stacked_bar,rank_order,medium,true,train,"annotated stacked bars; procedural gen (seed=45, idx=78)"
syn_stacked_0179__q3,synthetic,gold/images/syn_stacked_0179.png,What was Q3's total revenue?,$6700,stacked_bar,aggregation_sum_avg,medium,true,train,"annotated stacked bars; procedural gen (seed=45, idx=79)"
syn_stacked_0180__q1,synthetic,gold/images/syn_stacked_0180.png,Services revenue for NA?,$900,stacked_bar,lookup_value,medium,true,train,"annotated stacked bars; procedural gen (seed=45, idx=80)"
syn_stacked_0181__q3,synthetic,gold/images/syn_stacked_0181.png,What was the total revenue for Education?,$4500,stacked_bar,aggregation_sum_avg,medium,true,train,"annotated stacked bars; procedural gen (seed=45, idx=81)"
syn_stacked_0182__q3,synthetic,gold/images/syn_stacked_0182.png,What was Q1's total revenue?,$8400,stacked_bar,aggregation_sum_avg,medium,true,train,"annotated stacked bars; procedural gen (seed=45, idx=82)"
syn_stacked_0183__q3,synthetic,gold/images/syn_stacked_0183.png,How much total revenue did APAC generate?,$6100,stacked_bar,aggregation_sum_avg,medium,true,train,"annotated stacked bars; procedural gen (seed=45, idx=83)"
syn_stacked_0184__q1,synthetic,gold/images/syn_stacked_0184.png,How much Basic revenue did Enterprise contribute?,$2900,stacked_bar,lookup_value,medium,true,train,"annotated stacked bars; procedural gen (seed=45, idx=84)"
syn_stacked_0184__q3,synthetic,gold/images/syn_stacked_0184.png,What was the total revenue for Enterprise?,$6900,stacked_bar,aggregation_sum_avg,medium,true,train,"annotated stacked bars; procedural gen (seed=45, idx=84)"
syn_stacked_0184__q4,synthetic,gold/images/syn_stacked_0184.png,Name the top 3 segments in total revenue.,"Government, Education, Enterprise",stacked_bar,rank_order,medium,true,train,"annotated stacked bars; procedural gen (seed=45, idx=84)"
syn_stacked_0185__q3,synthetic,gold/images/syn_stacked_0185.png,What was Q4's total revenue?,$10800,stacked_bar,aggregation_sum_avg,medium,true,train,"annotated stacked bars; procedural gen (seed=45, idx=85)"
syn_stacked_0186__q1,synthetic,gold/images/syn_stacked_0186.png,Services revenue for EMEA?,$2400,stacked_bar,lookup_value,medium,true,train,"annotated stacked bars; procedural gen (seed=45, idx=86)"
syn_stacked_0186__q3,synthetic,gold/images/syn_stacked_0186.png,How much total revenue did LATAM generate?,$5800,stacked_bar,aggregation_sum_avg,medium,true,train,"annotated stacked bars; procedural gen (seed=45, idx=86)"
syn_stacked_0187__q1,synthetic,gold/images/syn_stacked_0187.png,How much Pro revenue did Enterprise contribute?,$3200,stacked_bar,lookup_value,medium,true,train,"annotated stacked bars; procedural gen (seed=45, idx=87)"
syn_stacked_0187__q2,synthetic,gold/images/syn_stacked_0187.png,Which segment had the smallest total revenue?,Government,stacked_bar,max_min,medium,true,train,"annotated stacked bars; procedural gen (seed=45, idx=87)"
syn_stacked_0187__q3,synthetic,gold/images/syn_stacked_0187.png,What was the total revenue for Consumer?,$5400,stacked_bar,aggregation_sum_avg,medium,true,train,"annotated stacked bars; procedural gen (seed=45, idx=87)"
syn_stacked_0188__q3,synthetic,gold/images/syn_stacked_0188.png,What was Q3's total revenue?,$7000,stacked_bar,aggregation_sum_avg,medium,true,train,"annotated stacked bars; procedural gen (seed=45, idx=88)"
syn_stacked_0188__q4,synthetic,gold/images/syn_stacked_0188.png,Rank the top 3 quarters by total revenue.,"Q2, Q3, Q4",stacked_bar,rank_order,medium,true,train,"annotated stacked bars; procedural gen (seed=45, idx=88)"
syn_stacked_0189__q1,synthetic,gold/images/syn_stacked_0189.png,Premium revenue for APAC?,$3000,stacked_bar,lookup_value,medium,true,train,"annotated stacked bars; procedural gen (seed=45, idx=89)"
syn_stacked_0189__q3,synthetic,gold/images/syn_stacked_0189.png,How much total revenue did EMEA generate?,$3700,stacked_bar,aggregation_sum_avg,medium,true,train,"annotated stacked bars; procedural gen (seed=45, idx=89)"
syn_stacked_0190__q1,synthetic,gold/images/syn_stacked_0190.png,How much Basic revenue did Enterprise contribute?,$3400,stacked_bar,lookup_value,medium,true,train,"annotated stacked bars; procedural gen (seed=45, idx=90)"
syn_stacked_0190__q3,synthetic,gold/images/syn_stacked_0190.png,What was the total revenue for Education?,$6300,stacked_bar,aggregation_sum_avg,medium,true,train,"annotated stacked bars; procedural gen (seed=45, idx=90)"
syn_stacked_0190__q4,synthetic,gold/images/syn_stacked_0190.png,Name the bottom 3 segments in total revenue.,"Enterprise, Education, SMB",stacked_bar,rank_order,medium,true,train,"annotated stacked bars; procedural gen (seed=45, idx=90)"
syn_stacked_0191__q2,synthetic,gold/images/syn_stacked_0191.png,Which quarter had the highest total revenue?,Q2,stacked_bar,max_min,medium,true,train,"annotated stacked bars; procedural gen (seed=45, idx=91)"
syn_stacked_0191__q3,synthetic,gold/images/syn_stacked_0191.png,What was Q4's total revenue?,$9400,stacked_bar,aggregation_sum_avg,medium,true,train,"annotated stacked bars; procedural gen (seed=45, idx=91)"
syn_stacked_0192__q3,synthetic,gold/images/syn_stacked_0192.png,How much total revenue did APAC generate?,$9300,stacked_bar,aggregation_sum_avg,medium,true,train,"annotated stacked bars; procedural gen (seed=45, idx=92)"
syn_stacked_0192__q4,synthetic,gold/images/syn_stacked_0192.png,List the top 3 regions by total revenue.,"APAC, EMEA, NA",stacked_bar,rank_order,medium,true,train,"annotated stacked bars; procedural gen (seed=45, idx=92)"
syn_stacked_0193__q3,synthetic,gold/images/syn_stacked_0193.png,What was the total revenue for Enterprise?,$7100,stacked_bar,aggregation_sum_avg,medium,true,train,"annotated stacked bars; procedural gen (seed=45, idx=93)"
syn_stacked_0194__q2,synthetic,gold/images/syn_stacked_0194.png,Which quarter had the lowest total revenue?,Q3,stacked_bar,max_min,medium,true,train,"annotated stacked bars; procedural gen (seed=45, idx=94)"
syn_stacked_0194__q3,synthetic,gold/images/syn_stacked_0194.png,What was Q1's total revenue?,$8100,stacked_bar,aggregation_sum_avg,medium,true,train,"annotated stacked bars; procedural gen (seed=45, idx=94)"
syn_stacked_0194__q4,synthetic,gold/images/syn_stacked_0194.png,Rank the bottom 3 quarters by total revenue.,"Q3, Q1, Q4",stacked_bar,rank_order,medium,true,train,"annotated stacked bars; procedural gen (seed=45, idx=94)"
syn_stacked_0195__q3,synthetic,gold/images/syn_stacked_0195.png,How much total revenue did APAC generate?,$6000,stacked_bar,aggregation_sum_avg,medium,true,train,"annotated stacked bars; procedural gen (seed=45, idx=95)"
syn_stacked_0197__q3,synthetic,gold/images/syn_stacked_0197.png,What was Q4's total revenue?,$6500,stacked_bar,aggregation_sum_avg,medium,true,train,"annotated stacked bars; procedural gen (seed=45, idx=97)"
syn_stacked_0198__q3,synthetic,gold/images/syn_stacked_0198.png,How much total revenue did NA generate?,$5800,stacked_bar,aggregation_sum_avg,medium,true,train,"annotated stacked bars; procedural gen (seed=45, idx=98)"
syn_stacked_0198__q4,synthetic,gold/images/syn_stacked_0198.png,List the bottom 3 regions by total revenue.,"APAC, NA, EMEA",stacked_bar,rank_order,medium,true,train,"annotated stacked bars; procedural gen (seed=45, idx=98)"
syn_stacked_0200__q3,synthetic,gold/images/syn_stacked_0200.png,What was Q2's total revenue?,$6800,stacked_bar,aggregation_sum_avg,medium,true,train,"annotated stacked bars; procedural gen (seed=45, idx=100)"
hs_0001__q1,hardset,gold/images/hs_0001.png,Was the largest mode of transportation Land?,Yes,mixed,compare_categories,medium,true,train,hardset; StatCan; charts1.png
hs_0001__q2,hardset,gold/images/hs_0001.png,"Combining Air and Water shares of transportation, was that greater than Land alone?",No,mixed,hard_multi_step,hard,true,train,hardset; StatCan; charts1.png
hs_0001__q3,hardset,gold/images/hs_0001.png,Which country was the largest source of overseas visitors?,United Kingdom,mixed,max_min,medium,true,train,hardset; StatCan; charts1.png
hs_0002__q1,hardset,gold/images/hs_0002.png,What was the month-over-month change in land arrivals?,10.1%,mixed,lookup_value,easy,true,train,hardset; StatCan; charts2.png
hs_0002__q2,hardset,gold/images/hs_0002.png,Was the share of same-day trips greater than overnight?,Yes,mixed,compare_categories,medium,true,train,hardset; StatCan; charts2.png
hs_0002__q3,hardset,gold/images/hs_0002.png,Which province was the top port of entry for arrivals?,Ontario,mixed,max_min,medium,true,train,hardset; StatCan; charts2.png
hs_0003__q1,hardset,gold/images/hs_0003.png,"In panel (a), did Inflation-protected fund flows increase or decrease after the start of the Middle East war?",Increased,mixed,trend_direction,medium,true,train,hardset; ECB; charts15.png
hs_0003__q2,hardset,gold/images/hs_0003.png,"In panel (b), in which quarter were Redemption requests highest?",Q1 2026,mixed,max_min,hard,true,train,hardset; ECB; charts15.png
hs_0003__q3,hardset,gold/images/hs_0003.png,"In panel (c), did Investment fund cash holdings trend upward or downward from 2015 to 2025?",Downward,mixed,trend_direction,hard,true,train,hardset; ECB; charts15.png
hs_0004__q1,hardset,gold/images/hs_0004.png,Which industry had the largest positive productivity change in 2024?,Travel arrangement and reservation services,bar,max_min,medium,true,train,hardset; BLS; charts30.png
hs_0004__q2,hardset,gold/images/hs_0004.png,Which industry had the largest negative productivity change in 2024?,Amusement parks and arcades,bar,max_min,medium,true,train,hardset; BLS; charts30.png
hs_0004__q3,hardset,gold/images/hs_0004.png,Did Publishing have a positive productivity change in 2024?,Yes,bar,compare_categories,medium,true,train,hardset; BLS; charts30.png
hs_0005__q1,hardset,gold/images/hs_0005.png,What was the total number of air arrivals?,"2,508,098",mixed,lookup_value,easy,true,train,hardset; StatCan; charts3.png
hs_0005__q2,hardset,gold/images/hs_0005.png,Which airport had the highest number of arrivals?,Toronto Pearson,mixed,max_min,medium,true,train,hardset; StatCan; charts3.png
hs_0005__q3,hardset,gold/images/hs_0005.png,Was the year-over-year change in air arrivals positive?,Yes,mixed,compare_categories,medium,true,train,hardset; StatCan; charts3.png
hs_0006__q1,hardset,gold/images/hs_0006.png,What was the fasting glucose for Ages 60 to 79 in 2024?,6.0,grouped_bar,lookup_value,medium,true,train,hardset; StatCan; charts4.png
hs_0006__q2,hardset,gold/images/hs_0006.png,"From 2009 to 2024, did fasting glucose for Ages 60 to 79 increase or decrease?",Increased,grouped_bar,trend_direction,medium,true,train,hardset; StatCan; charts4.png
hs_0006__q3,hardset,gold/images/hs_0006.png,"In 2024, which age group had the highest fasting glucose?",Ages 60 to 79,grouped_bar,max_min,easy,true,train,hardset; StatCan; charts4.png
hs_0007__q1,hardset,gold/images/hs_0007.png,What percentage of Japanese new entrants were women?,73%,mixed,lookup_value,medium,true,train,hardset; StatCan; charts5.png
hs_0007__q2,hardset,gold/images/hs_0007.png,"Among racialized groups, which had the highest STEM percentage in field of study?",Chinese,mixed,max_min,medium,true,train,hardset; StatCan; charts5.png
hs_0007__q3,hardset,gold/images/hs_0007.png,Was the count of Not-a-visible-minority new entrants in 2020/2021 greater than in 2016/2017?,Yes,mixed,compare_categories,medium,true,train,hardset; StatCan; charts5.png
hs_0008__q1,hardset,gold/images/hs_0008.png,What was the count of Not-a-visible-minority graduates in 2023?,272K,mixed,lookup_value,medium,true,train,hardset; StatCan; charts6.png
hs_0008__q2,hardset,gold/images/hs_0008.png,Did the count of Visible minority graduates increase or decrease from 2016 to 2023?,Increased,mixed,trend_direction,medium,true,train,hardset; StatCan; charts6.png
hs_0008__q3,hardset,gold/images/hs_0008.png,Which racialized group had the highest STEM percentage in field of study?,Chinese,mixed,max_min,medium,true,train,hardset; StatCan; charts6.png
hs_0009__q1,hardset,gold/images/hs_0009.png,Which city had the largest year-over-year decline in condo prices in 2026 Q2?,Toronto,mixed,max_min,medium,true,train,hardset; StatCan; charts7.png
hs_0009__q2,hardset,gold/images/hs_0009.png,Which city had the largest positive year-over-year change in condo prices?,Québec,mixed,max_min,medium,true,train,hardset; StatCan; charts7.png
hs_0009__q3,hardset,gold/images/hs_0009.png,Was Vancouver's year-over-year change greater than Ottawa's?,No,mixed,compare_categories,medium,true,train,hardset; StatCan; charts7.png
hs_0010__q1,hardset,gold/images/hs_0010.png,Which city had the largest quarter-over-quarter decline in condo prices in 2026 Q2?,Vancouver,mixed,max_min,medium,true,train,hardset; StatCan; charts8.png
hs_0010__q2,hardset,gold/images/hs_0010.png,Did Québec have a positive quarter-over-quarter change in 2026 Q2?,No,mixed,compare_categories,medium,true,train,hardset; StatCan; charts8.png
hs_0010__q3,hardset,gold/images/hs_0010.png,What was Vancouver's quarter-over-quarter percent change?,-2.6%,mixed,lookup_value,medium,true,train,hardset; StatCan; charts8.png
hs_0011__q1,hardset,gold/images/hs_0011.png,"For US jet fuel, was the color intensity above or below average during May 2026?",Above average,mixed,trend_direction,medium,true,train,hardset; BoC; charts9.png
hs_0011__q2,hardset,gold/images/hs_0011.png,Which commodity in the non-energy commodity section showed the most intense above-average pricing by May 2026?,UK primary aluminum,mixed,max_min,hard,true,train,hardset; BoC; charts9.png
hs_0012__q1,hardset,gold/images/hs_0012.png,"In panel (b), what is the highest crisis frequency shown in the grid?",15%,mixed,max_min,medium,true,train,hardset; ECB; charts10.png
hs_0012__q2,hardset,gold/images/hs_0012.png,"In panel (a), did EA HY Tech spreads rise around the start of the Middle East war?",Yes,mixed,trend_direction,hard,true,train,hardset; ECB; charts10.png
hs_0013__q1,hardset,gold/images/hs_0013.png,"In panel (a), from 2022 to 2026 did the 30-year yield trend upward or downward?",Upward,mixed,trend_direction,medium,true,train,hardset; ECB; charts11.png
hs_0013__q2,hardset,gold/images/hs_0013.png,"In panel (b), was Greece's (GR) change in debt-to-GDP negative?",Yes,mixed,compare_categories,hard,true,train,hardset; ECB; charts11.png
hs_0014__q1,hardset,gold/images/hs_0014.png,"In panel (b), which country had the highest peak in net sovereign debt issuance during 2020–2021?",Germany,mixed,max_min,medium,true,train,hardset; ECB; charts12.png
hs_0014__q2,hardset,gold/images/hs_0014.png,"In panel (a), was Belgium's (BE) planned 2026 government balance negative?",Yes,mixed,compare_categories,medium,true,train,hardset; ECB; charts12.png
hs_0015__q1,hardset,gold/images/hs_0015.png,"In panel (b), which year is represented by the blue solid line?",2024,mixed,lookup_value,easy,true,train,hardset; ECB; charts13.png
hs_0015__q2,hardset,gold/images/hs_0015.png,"In panel (c), from Q1 2023 to Q1 2026, did headline inflation increase or decrease?",Decreased,mixed,trend_direction,hard,true,train,hardset; ECB; charts13.png
hs_0016__q1,hardset,gold/images/hs_0016.png,"In panel (b), what percentage of euro area banks' assets is Non-EU exposure?",25%,mixed,lookup_value,medium,true,train,hardset; ECB; charts14.png
hs_0016__q2,hardset,gold/images/hs_0016.png,"In panel (b), which non-EU region had the largest exposure?",United States,mixed,max_min,medium,true,train,hardset; ECB; charts14.png
hs_0016__q3,hardset,gold/images/hs_0016.png,"In panel (b), was Middle East exposure the smallest of the non-EU regions shown?",Yes,mixed,compare_categories,medium,true,train,hardset; ECB; charts14.png
hs_0017__q1,hardset,gold/images/hs_0017.png,"In panel (a), which index reached the highest value by May 2026?",MSCI World Energy Sector Index,mixed,max_min,medium,true,train,hardset; ECB; charts16.png
hs_0017__q2,hardset,gold/images/hs_0017.png,"In panel (a), did the MSCI World Software Index rise or fall between December 2025 and February 2026?",Fell,mixed,trend_direction,medium,true,train,hardset; ECB; charts16.png
hs_0018__q1,hardset,gold/images/hs_0018.png,"In panel (c), did Financial Times cyberattack mentions increase or decrease from 2006 to 2026?",Increased,mixed,trend_direction,medium,true,train,hardset; ECB; charts17.png
hs_0018__q2,hardset,gold/images/hs_0018.png,"In panel (b), which distribution has the highest peak density?",HICP inflation Feb. forecast,mixed,max_min,hard,true,train,hardset; ECB; charts17.png
hs_0019__q1,hardset,gold/images/hs_0019.png,"For the Education dimension in Low-income countries, what was the median difference in DTP zero-dose prevalence?",16.2,bar,lookup_value,medium,true,train,hardset; WHO; charts18.png
hs_0019__q2,hardset,gold/images/hs_0019.png,"In the Education dimension, which income group had the largest median difference?",Low-income,bar,max_min,medium,true,train,hardset; WHO; charts18.png
hs_0019__q3,hardset,gold/images/hs_0019.png,Was the Place-of-residence median difference for All countries less than the Economic-status median difference for All countries?,Yes,bar,compare_categories,medium,true,train,hardset; WHO; charts18.png
hs_0020__q1,hardset,gold/images/hs_0020.png,"In the Health emergencies protection panel, which region requires the most progress in 2030?",Region of the Americas,mixed,max_min,medium,true,train,hardset; WHO; charts19.png
hs_0020__q2,hardset,gold/images/hs_0020.png,"In the Healthier populations panel, which region requires the most progress in 2030?",African Region,mixed,max_min,medium,true,train,hardset; WHO; charts19.png
hs_0021__q1,hardset,gold/images/hs_0021.png,Which pillar requires the most overall progress?,Healthier populations,stacked_bar,max_min,medium,true,train,hardset; WHO; charts20.png
hs_0021__q2,hardset,gold/images/hs_0021.png,How many billion additional persons are needed for Healthier populations to meet 2030 expectations?,1.5B,stacked_bar,lookup_value,medium,true,train,hardset; WHO; charts20.png
hs_0022__q1,hardset,gold/images/hs_0022.png,"In the WHO region panel, which region had the highest risk of premature mortality from NCDs in 2000?",Eastern Mediterranean Region,mixed,max_min,medium,true,train,hardset; WHO; charts21.png
hs_0022__q2,hardset,gold/images/hs_0022.png,"In the World Bank income groups panel, did the High-income group's risk trend upward or downward from 2000 to 2020?",Downward,mixed,trend_direction,medium,true,train,hardset; WHO; charts21.png
hs_0022__q3,hardset,gold/images/hs_0022.png,"In the WHO region panel, was the Region of the Americas line consistently lower than the Global line?",Yes,mixed,compare_categories,medium,true,train,hardset; WHO; charts21.png
hs_0023__q1,hardset,gold/images/hs_0023.png,What was the neonatal mortality rate in the South-East Asia Region in 1990?,53,mixed,lookup_value,medium,true,train,hardset; WHO; charts22.png
hs_0023__q2,hardset,gold/images/hs_0023.png,"In 1990, which WHO region had the highest under-5 mortality rate?",African Region,mixed,max_min,medium,true,train,hardset; WHO; charts22.png
hs_0023__q3,hardset,gold/images/hs_0023.png,"From 1990 to 2023, did the African Region's under-5 mortality rate decrease?",Yes,mixed,trend_direction,medium,true,train,hardset; WHO; charts22.png
hs_0024__q1,hardset,gold/images/hs_0024.png,"In the WHO region panel, what is the approximate value of the rightmost data point on the x-axis?",4.5,mixed,max_min,hard,true,train,hardset; WHO; charts23.png
hs_0025__q1,hardset,gold/images/hs_0025.png,"In the African Region panel, did Noncommunicable diseases become a larger share of causes from 2000 to 2021?",Yes,stacked_bar,trend_direction,medium,true,train,hardset; WHO; charts24.png
hs_0025__q2,hardset,gold/images/hs_0025.png,"In the European Region in 2000, which cause group had the largest share?",Noncommunicable diseases,stacked_bar,max_min,medium,true,train,hardset; WHO; charts24.png
hs_0026__q1,hardset,gold/images/hs_0026.png,"In the Mortality panel, what was the All Causes value for the All ages column?",5.17,mixed,lookup_value,medium,true,train,hardset; WHO; charts26.png
hs_0026__q2,hardset,gold/images/hs_0026.png,"Among noncommunicable diseases in the Mortality panel All ages column, which cause has the highest value?",Stroke,mixed,max_min,hard,true,train,hardset; WHO; charts26.png
hs_0027__q1,hardset,gold/images/hs_0027.png,"In the Female Region of the Americas panel, what was the HALE value in 2019?",67,stacked_bar,lookup_value,medium,true,train,hardset; WHO; charts27.png
hs_0027__q2,hardset,gold/images/hs_0027.png,"In 2000 across all WHO regions for Both sexes, which region had the lowest HALE?",African Region,stacked_bar,max_min,medium,true,train,hardset; WHO; charts27.png
hs_0027__q3,hardset,gold/images/hs_0027.png,"In the African Region Male panel, did HALE increase from 2000 to 2021?",Yes,stacked_bar,trend_direction,medium,true,train,hardset; WHO; charts27.png
hs_0028__q1,hardset,gold/images/hs_0028.png,Which policy instrument covers the most sectors?,Tax,mixed,max_min,medium,true,train,hardset; ClimatePolicyDB; charts28.png
hs_0028__q2,hardset,gold/images/hs_0028.png,Does Comparative energy efficiency label cover the Waste sector?,No,mixed,compare_categories,medium,true,train,hardset; ClimatePolicyDB; charts28.png
hs_0029__q1,hardset,gold/images/hs_0029.png,Which emission sector has the largest number of policy approaches?,Buildings,bar,max_min,easy,true,train,hardset; ClimatePolicyDB; charts29.png
hs_0029__q2,hardset,gold/images/hs_0029.png,Does Cross-sectoral have more policy approaches than Energy industries?,Yes,bar,compare_categories,medium,true,train,hardset; ClimatePolicyDB; charts29.png
hs_0030__q1,hardset,gold/images/hs_0030.png,What is the highest productivity growth category shown in the legend?,3.4% and above,mixed,lookup_value,easy,true,train,hardset; BLS; charts31.png
hs_0031__q1,hardset,gold/images/hs_0031.png,In which year was the total number of fatal work injuries highest?,2022,stacked_bar,max_min,medium,true,train,hardset; BLS; charts32.png
hs_0031__q2,hardset,gold/images/hs_0031.png,Did total fatal work injuries increase or decrease from 2023 to 2024?,Decreased,stacked_bar,trend_direction,medium,true,train,hardset; BLS; charts32.png
hs_0032__q1,hardset,gold/images/hs_0032.png,Did the total recordable cases rate decrease from 2022 to 2024?,Yes,stacked_bar,trend_direction,medium,true,train,hardset; BLS; charts33.png
hs_0032__q2,hardset,gold/images/hs_0032.png,Were the total recordable rates in 2020 and 2021 the same?,Yes,stacked_bar,compare_categories,medium,true,train,hardset; BLS; charts33.png
hs_0033__q1,hardset,gold/images/hs_0033.png,Which activity did people spend the most hours per day on?,"Personal care, including sleep",bar,max_min,easy,true,train,hardset; BLS; charts34.png
hs_0033__q2,hardset,gold/images/hs_0033.png,Which activity was the second-longest average time per day?,Leisure and sports,bar,max_min,medium,true,train,hardset; BLS; charts34.png
hs_0033__q3,hardset,gold/images/hs_0033.png,Do people spend more time on Household activities than on Working and work-related activities?,No,bar,compare_categories,medium,true,train,hardset; BLS; charts34.png
hs_0034__q1,hardset,gold/images/hs_0034.png,"For Part-time workers, which benefit has the highest access rate?",Sick leave,grouped_bar,max_min,medium,true,train,hardset; BLS; charts35.png
hs_0034__q2,hardset,gold/images/hs_0034.png,Is childcare access higher for Full-time workers than Part-time workers?,Yes,grouped_bar,compare_categories,medium,true,train,hardset; BLS; charts35.png
hs_0035__q1,hardset,gold/images/hs_0035.png,What was the approximate peak percent change of All imports around 2008?,22,line,max_min,medium,true,train,hardset; BLS; charts36.png
hs_0035__q2,hardset,gold/images/hs_0035.png,During which year did All imports show the deepest negative percent change?,2009,line,max_min,medium,true,train,hardset; BLS; charts36.png
hs_0036__q1,hardset,gold/images/hs_0036.png,What was the largest positive spike in the Total PPI 1-month change during 2020–2022?,1.7,line,max_min,hard,true,train,hardset; BLS; charts37.png
hs_0036__q2,hardset,gold/images/hs_0036.png,What was the largest negative dip in the Total PPI during 2020?,-1.2,line,max_min,medium,true,train,hardset; BLS; charts37.png
hs_0037__q1,hardset,gold/images/hs_0037.png,Which CPI category had the highest 12-month percentage change in June 2026?,Energy,bar,max_min,easy,true,train,hardset; BLS; charts38.png
hs_0037__q2,hardset,gold/images/hs_0037.png,Was the All items CPI change greater than the Food CPI change?,Yes,bar,compare_categories,medium,true,train,hardset; BLS; charts38.png
hs_0038__q1,hardset,gold/images/hs_0038.png,What is the highest metropolitan area unemployment rate category shown in the legend?,5.3% and above,mixed,lookup_value,medium,true,train,hardset; BLS; charts39.png
hs_0038__q2,hardset,gold/images/hs_0038.png,What is the lowest metropolitan area unemployment rate category shown?,3.5% and below,mixed,lookup_value,medium,true,train,hardset; BLS; charts39.png
hs_0039__q1,hardset,gold/images/hs_0039.png,In what approximate year did the civilian unemployment rate peak?,2020,line,max_min,medium,true,train,hardset; BLS; charts40.png
hs_0039__q2,hardset,gold/images/hs_0039.png,What was the approximate peak civilian unemployment rate during 2020?,14.8,line,lookup_value,medium,true,train,hardset; BLS; charts40.png
hs_0039__q3,hardset,gold/images/hs_0039.png,"From 2010 to 2019, did the civilian unemployment rate generally trend downward?",Yes,line,trend_direction,medium,true,train,hardset; BLS; charts40.png
hs_0040__q1,hardset,gold/images/hs_0040.png,What is the highest wage-change category shown in the legend?,5.0% and above,mixed,lookup_value,medium,true,train,hardset; BLS; charts41.png
hs_0040__q2,hardset,gold/images/hs_0040.png,What is the lowest wage-change category shown in the legend?,3.2% and below,mixed,lookup_value,medium,true,train,hardset; BLS; charts41.png
hs_0041__q1,hardset,gold/images/hs_0041.png,Which category had the largest number of jobs in Q4 2025?,Gross job gains,bar,max_min,easy,true,train,hardset; BLS; charts42.png
hs_0041__q2,hardset,gold/images/hs_0041.png,Were gross job gains greater than gross job losses in Q4 2025?,Yes,bar,compare_categories,medium,true,train,hardset; BLS; charts42.png
hs_0041__q3,hardset,gold/images/hs_0041.png,Which category had the smallest number of jobs in Q4 2025?,Losses at closing establishments,bar,max_min,medium,true,train,hardset; BLS; charts42.png
hard_trunc_0000__q1,synthetic,gold/images/hard_trunc_0000.png,Which segment had the highest revenue?,Education,bar,max_min,hard,true,train,"hard/truncated_axis; procedural gen (seed=777, idx=0); correct-by-construction"
hard_trunc_0000__q2,synthetic,gold/images/hard_trunc_0000.png,How much more revenue did Education generate than SMB?,$1800,bar,delta_absolute,hard,true,train,"hard/truncated_axis; procedural gen (seed=777, idx=0); correct-by-construction"
hard_unlab_0001__q1,synthetic,gold/images/hard_unlab_0001.png,What was Tech's revenue?,$8000,bar,lookup_value,hard,true,train,"hard/unlabeled; procedural gen (seed=777, idx=1); correct-by-construction"
hard_unlab_0001__q2,synthetic,gold/images/hard_unlab_0001.png,Which vertical had the highest revenue?,Retail,bar,max_min,hard,true,train,"hard/unlabeled; procedural gen (seed=777, idx=1); correct-by-construction"
hard_unline_0002__q1,synthetic,gold/images/hard_unline_0002.png,How many signups were there in W4?,1200,line,lookup_value,hard,true,train,"hard/unlabeled; procedural gen (seed=777, idx=2); correct-by-construction"
hard_unline_0002__q2,synthetic,gold/images/hard_unline_0002.png,In which period were signups lowest?,W6,line,max_min,hard,true,train,"hard/unlabeled; procedural gen (seed=777, idx=2); correct-by-construction"
hard_tie_0003__q1,synthetic,gold/images/hard_tie_0003.png,Which product sold the most units?,Widget D,bar,max_min,hard,true,train,"hard/near_tie; procedural gen (seed=777, idx=3); correct-by-construction"
hard_tie_0003__q2,synthetic,gold/images/hard_tie_0003.png,Rank the top 3 products by units sold.,"Widget D, Widget C, Widget F",bar,rank_order,hard,true,train,"hard/near_tie; procedural gen (seed=777, idx=3); correct-by-construction"
hard_tie_0003__q3,synthetic,gold/images/hard_tie_0003.png,How many more units did Widget D sell than Widget C?,150,bar,delta_absolute,hard,true,train,"hard/near_tie; procedural gen (seed=777, idx=3); correct-by-construction"
hard_simcol_0004__q1,synthetic,gold/images/hard_simcol_0004.png,What was LATAM's revenue in 2025?,$10100,grouped_bar,lookup_value,hard,true,train,"hard/similar_colors; procedural gen (seed=777, idx=4); correct-by-construction"
hard_simcol_0004__q2,synthetic,gold/images/hard_simcol_0004.png,"In 2025, which region had the highest revenue?",NA,grouped_bar,max_min,hard,true,train,"hard/similar_colors; procedural gen (seed=777, idx=4); correct-by-construction"
hard_many_0005__q1,synthetic,gold/images/hard_many_0005.png,Which vertical had the highest revenue?,Retail,bar,max_min,hard,true,train,"hard/many_categories; procedural gen (seed=777, idx=5); correct-by-construction"
hard_many_0005__q2,synthetic,gold/images/hard_many_0005.png,Rank the top 3 verticals by revenue.,"Retail, Hospitality, Education",bar,rank_order,hard,true,train,"hard/many_categories; procedural gen (seed=777, idx=5); correct-by-construction"
hard_many_0005__q3,synthetic,gold/images/hard_many_0005.png,Which vertical had the lowest revenue?,Telecom,bar,max_min,hard,true,train,"hard/many_categories; procedural gen (seed=777, idx=5); correct-by-construction"
hard_crowd_0006__q1,synthetic,gold/images/hard_crowd_0006.png,"For Nonprofit, in which period was revenue highest?",Q2,line,max_min,hard,true,train,"hard/crowded_legend; procedural gen (seed=777, idx=6); correct-by-construction"
hard_crowd_0006__q2,synthetic,gold/images/hard_crowd_0006.png,"For Nonprofit, did revenue increase or decrease from Q2 to Q3?",Decreased,line,trend_direction,hard,true,train,"hard/crowded_legend; procedural gen (seed=777, idx=6); correct-by-construction"
hard_log_0007__q1,synthetic,gold/images/hard_log_0007.png,Which product sold the most units?,Widget F,bar,max_min,hard,true,train,"hard/log_scale; procedural gen (seed=777, idx=7); correct-by-construction"
hard_log_0007__q2,synthetic,gold/images/hard_log_0007.png,How many more units did Widget F sell than Gizmo X?,49915,bar,delta_absolute,hard,true,train,"hard/log_scale; procedural gen (seed=777, idx=7); correct-by-construction"
hard_dual_0008__q1,synthetic,gold/images/hard_dual_0008.png,What was the conversion rate in Q4?,3.7%,mixed,lookup_value,hard,true,train,"hard/dual_axis; procedural gen (seed=777, idx=8); correct-by-construction"
hard_dual_0008__q2,synthetic,gold/images/hard_dual_0008.png,In which period was the conversion rate highest?,Q3,mixed,max_min,hard,true,train,"hard/dual_axis; procedural gen (seed=777, idx=8); correct-by-construction"
hard_dual_0008__q3,synthetic,gold/images/hard_dual_0008.png,What was the revenue in Q4?,$11700,mixed,lookup_value,hard,true,train,"hard/dual_axis; procedural gen (seed=777, idx=8); correct-by-construction"
hard_trunc_0009__q1,synthetic,gold/images/hard_trunc_0009.png,Which segment had the highest revenue?,Education,bar,max_min,hard,true,train,"hard/truncated_axis; procedural gen (seed=777, idx=9); correct-by-construction"
hard_trunc_0009__q2,synthetic,gold/images/hard_trunc_0009.png,How much more revenue did Education generate than Nonprofit?,$1400,bar,delta_absolute,hard,true,train,"hard/truncated_axis; procedural gen (seed=777, idx=9); correct-by-construction"
hard_unlab_0010__q1,synthetic,gold/images/hard_unlab_0010.png,What was Agriculture's revenue?,$8000,bar,lookup_value,hard,true,train,"hard/unlabeled; procedural gen (seed=777, idx=10); correct-by-construction"
hard_unlab_0010__q2,synthetic,gold/images/hard_unlab_0010.png,Which vertical had the highest revenue?,Healthcare,bar,max_min,hard,true,train,"hard/unlabeled; procedural gen (seed=777, idx=10); correct-by-construction"
hard_unline_0011__q1,synthetic,gold/images/hard_unline_0011.png,How many signups were there in W6?,6000,line,lookup_value,hard,true,train,"hard/unlabeled; procedural gen (seed=777, idx=11); correct-by-construction"
hard_unline_0011__q2,synthetic,gold/images/hard_unline_0011.png,In which period were signups lowest?,W1,line,max_min,hard,true,train,"hard/unlabeled; procedural gen (seed=777, idx=11); correct-by-construction"
hard_tie_0012__q1,synthetic,gold/images/hard_tie_0012.png,Which product sold the most units?,Widget D,bar,max_min,hard,true,train,"hard/near_tie; procedural gen (seed=777, idx=12); correct-by-construction"
hard_tie_0012__q2,synthetic,gold/images/hard_tie_0012.png,Rank the top 3 products by units sold.,"Widget D, Widget B, Widget F",bar,rank_order,hard,true,train,"hard/near_tie; procedural gen (seed=777, idx=12); correct-by-construction"
hard_tie_0012__q3,synthetic,gold/images/hard_tie_0012.png,How many more units did Widget D sell than Widget B?,100,bar,delta_absolute,hard,true,train,"hard/near_tie; procedural gen (seed=777, idx=12); correct-by-construction"
hard_simcol_0013__q1,synthetic,gold/images/hard_simcol_0013.png,What was LATAM's revenue in Plan?,$2100,grouped_bar,lookup_value,hard,true,train,"hard/similar_colors; procedural gen (seed=777, idx=13); correct-by-construction"
hard_simcol_0013__q2,synthetic,gold/images/hard_simcol_0013.png,"In Plan, which region had the highest revenue?",ANZ,grouped_bar,max_min,hard,true,train,"hard/similar_colors; procedural gen (seed=777, idx=13); correct-by-construction"
hard_many_0014__q1,synthetic,gold/images/hard_many_0014.png,Which vertical had the highest revenue?,Automotive,bar,max_min,hard,true,train,"hard/many_categories; procedural gen (seed=777, idx=14); correct-by-construction"
hard_many_0014__q2,synthetic,gold/images/hard_many_0014.png,Rank the top 3 verticals by revenue.,"Automotive, Hospitality, Tech",bar,rank_order,hard,true,train,"hard/many_categories; procedural gen (seed=777, idx=14); correct-by-construction"
hard_many_0014__q3,synthetic,gold/images/hard_many_0014.png,Which vertical had the lowest revenue?,Manufacturing,bar,max_min,hard,true,train,"hard/many_categories; procedural gen (seed=777, idx=14); correct-by-construction"
hard_crowd_0015__q1,synthetic,gold/images/hard_crowd_0015.png,"For Consumer, in which period was revenue highest?",Oct,line,max_min,hard,true,train,"hard/crowded_legend; procedural gen (seed=777, idx=15); correct-by-construction"
hard_crowd_0015__q2,synthetic,gold/images/hard_crowd_0015.png,"For Consumer, did revenue increase or decrease from Oct to Nov?",Decreased,line,trend_direction,hard,true,train,"hard/crowded_legend; procedural gen (seed=777, idx=15); correct-by-construction"
hard_log_0016__q1,synthetic,gold/images/hard_log_0016.png,Which product sold the most units?,Widget B,bar,max_min,hard,true,train,"hard/log_scale; procedural gen (seed=777, idx=16); correct-by-construction"
hard_log_0016__q2,synthetic,gold/images/hard_log_0016.png,How many more units did Widget B sell than Widget F?,24955,bar,delta_absolute,hard,true,train,"hard/log_scale; procedural gen (seed=777, idx=16); correct-by-construction"
hard_dual_0017__q1,synthetic,gold/images/hard_dual_0017.png,What was the conversion rate in Sep?,8.4%,mixed,lookup_value,hard,true,train,"hard/dual_axis; procedural gen (seed=777, idx=17); correct-by-construction"
hard_dual_0017__q2,synthetic,gold/images/hard_dual_0017.png,In which period was the conversion rate highest?,Sep,mixed,max_min,hard,true,train,"hard/dual_axis; procedural gen (seed=777, idx=17); correct-by-construction"
hard_dual_0017__q3,synthetic,gold/images/hard_dual_0017.png,What was the revenue in Sep?,$8000,mixed,lookup_value,hard,true,train,"hard/dual_axis; procedural gen (seed=777, idx=17); correct-by-construction"
hard_trunc_0018__q1,synthetic,gold/images/hard_trunc_0018.png,Which segment had the highest revenue?,Enterprise,bar,max_min,hard,true,train,"hard/truncated_axis; procedural gen (seed=777, idx=18); correct-by-construction"
hard_trunc_0018__q2,synthetic,gold/images/hard_trunc_0018.png,How much more revenue did Enterprise generate than Consumer?,$1400,bar,delta_absolute,hard,true,train,"hard/truncated_axis; procedural gen (seed=777, idx=18); correct-by-construction"
hard_unlab_0019__q1,synthetic,gold/images/hard_unlab_0019.png,What was Finance's revenue?,$1500,bar,lookup_value,hard,true,train,"hard/unlabeled; procedural gen (seed=777, idx=19); correct-by-construction"
hard_unlab_0019__q2,synthetic,gold/images/hard_unlab_0019.png,Which vertical had the highest revenue?,Education,bar,max_min,hard,true,train,"hard/unlabeled; procedural gen (seed=777, idx=19); correct-by-construction"
hard_unline_0020__q1,synthetic,gold/images/hard_unline_0020.png,How many signups were there in W6?,800,line,lookup_value,hard,true,train,"hard/unlabeled; procedural gen (seed=777, idx=20); correct-by-construction"
hard_unline_0020__q2,synthetic,gold/images/hard_unline_0020.png,In which period were signups lowest?,W4,line,max_min,hard,true,train,"hard/unlabeled; procedural gen (seed=777, idx=20); correct-by-construction"
hard_tie_0021__q1,synthetic,gold/images/hard_tie_0021.png,Which product sold the most units?,Widget B,bar,max_min,hard,true,train,"hard/near_tie; procedural gen (seed=777, idx=21); correct-by-construction"
hard_tie_0021__q2,synthetic,gold/images/hard_tie_0021.png,Rank the top 3 products by units sold.,"Widget B, Widget F, Gizmo X",bar,rank_order,hard,true,train,"hard/near_tie; procedural gen (seed=777, idx=21); correct-by-construction"
hard_tie_0021__q3,synthetic,gold/images/hard_tie_0021.png,How many more units did Widget B sell than Widget F?,100,bar,delta_absolute,hard,true,train,"hard/near_tie; procedural gen (seed=777, idx=21); correct-by-construction"
hard_simcol_0022__q1,synthetic,gold/images/hard_simcol_0022.png,What was LATAM's revenue in Q2?,$8400,grouped_bar,lookup_value,hard,true,train,"hard/similar_colors; procedural gen (seed=777, idx=22); correct-by-construction"
hard_simcol_0022__q2,synthetic,gold/images/hard_simcol_0022.png,"In Q2, which region had the highest revenue?",ANZ,grouped_bar,max_min,hard,true,train,"hard/similar_colors; procedural gen (seed=777, idx=22); correct-by-construction"
hard_many_0023__q1,synthetic,gold/images/hard_many_0023.png,Which vertical had the highest revenue?,Telecom,bar,max_min,hard,true,train,"hard/many_categories; procedural gen (seed=777, idx=23); correct-by-construction"
hard_many_0023__q2,synthetic,gold/images/hard_many_0023.png,Rank the top 3 verticals by revenue.,"Telecom, Construction, Tech",bar,rank_order,hard,true,train,"hard/many_categories; procedural gen (seed=777, idx=23); correct-by-construction"
hard_many_0023__q3,synthetic,gold/images/hard_many_0023.png,Which vertical had the lowest revenue?,Energy,bar,max_min,hard,true,train,"hard/many_categories; procedural gen (seed=777, idx=23); correct-by-construction"
hard_crowd_0024__q1,synthetic,gold/images/hard_crowd_0024.png,"For Nonprofit, in which period was revenue highest?",Sep,line,max_min,hard,true,train,"hard/crowded_legend; procedural gen (seed=777, idx=24); correct-by-construction"
hard_crowd_0024__q2,synthetic,gold/images/hard_crowd_0024.png,"For Nonprofit, did revenue increase or decrease from Jul to Aug?",Decreased,line,trend_direction,hard,true,train,"hard/crowded_legend; procedural gen (seed=777, idx=24); correct-by-construction"
hard_log_0025__q1,synthetic,gold/images/hard_log_0025.png,Which product sold the most units?,Gizmo X,bar,max_min,hard,true,train,"hard/log_scale; procedural gen (seed=777, idx=25); correct-by-construction"
hard_log_0025__q2,synthetic,gold/images/hard_log_0025.png,How many more units did Gizmo X sell than Widget D?,24960,bar,delta_absolute,hard,true,train,"hard/log_scale; procedural gen (seed=777, idx=25); correct-by-construction"
hard_dual_0026__q1,synthetic,gold/images/hard_dual_0026.png,What was the conversion rate in Q1?,9.0%,mixed,lookup_value,hard,true,train,"hard/dual_axis; procedural gen (seed=777, idx=26); correct-by-construction"
hard_dual_0026__q2,synthetic,gold/images/hard_dual_0026.png,In which period was the conversion rate highest?,Q1,mixed,max_min,hard,true,train,"hard/dual_axis; procedural gen (seed=777, idx=26); correct-by-construction"
hard_dual_0026__q3,synthetic,gold/images/hard_dual_0026.png,What was the revenue in Q1?,$2900,mixed,lookup_value,hard,true,train,"hard/dual_axis; procedural gen (seed=777, idx=26); correct-by-construction"
hard_trunc_0027__q1,synthetic,gold/images/hard_trunc_0027.png,Which segment had the highest revenue?,Startup,bar,max_min,hard,true,train,"hard/truncated_axis; procedural gen (seed=777, idx=27); correct-by-construction"
hard_trunc_0027__q2,synthetic,gold/images/hard_trunc_0027.png,How much more revenue did Startup generate than Education?,$1300,bar,delta_absolute,hard,true,train,"hard/truncated_axis; procedural gen (seed=777, idx=27); correct-by-construction"
hard_unlab_0028__q1,synthetic,gold/images/hard_unlab_0028.png,What was Finance's revenue?,$5000,bar,lookup_value,hard,true,train,"hard/unlabeled; procedural gen (seed=777, idx=28); correct-by-construction"
hard_unlab_0028__q2,synthetic,gold/images/hard_unlab_0028.png,Which vertical had the highest revenue?,Education,bar,max_min,hard,true,train,"hard/unlabeled; procedural gen (seed=777, idx=28); correct-by-construction"
hard_unline_0029__q1,synthetic,gold/images/hard_unline_0029.png,How many signups were there in Apr?,5500,line,lookup_value,hard,true,train,"hard/unlabeled; procedural gen (seed=777, idx=29); correct-by-construction"
hard_unline_0029__q2,synthetic,gold/images/hard_unline_0029.png,In which period were signups lowest?,Jan,line,max_min,hard,true,train,"hard/unlabeled; procedural gen (seed=777, idx=29); correct-by-construction"
hard_tie_0030__q1,synthetic,gold/images/hard_tie_0030.png,Which product sold the most units?,Gizmo X,bar,max_min,hard,true,train,"hard/near_tie; procedural gen (seed=777, idx=30); correct-by-construction"
hard_tie_0030__q2,synthetic,gold/images/hard_tie_0030.png,Rank the top 3 products by units sold.,"Gizmo X, Widget E, Widget C",bar,rank_order,hard,true,train,"hard/near_tie; procedural gen (seed=777, idx=30); correct-by-construction"
hard_tie_0030__q3,synthetic,gold/images/hard_tie_0030.png,How many more units did Gizmo X sell than Widget E?,50,bar,delta_absolute,hard,true,train,"hard/near_tie; procedural gen (seed=777, idx=30); correct-by-construction"
hard_simcol_0031__q1,synthetic,gold/images/hard_simcol_0031.png,What was ANZ's revenue in 2023?,$5300,grouped_bar,lookup_value,hard,true,train,"hard/similar_colors; procedural gen (seed=777, idx=31); correct-by-construction"
hard_simcol_0031__q2,synthetic,gold/images/hard_simcol_0031.png,"In 2023, which region had the highest revenue?",LATAM,grouped_bar,max_min,hard,true,train,"hard/similar_colors; procedural gen (seed=777, idx=31); correct-by-construction"
hard_many_0032__q1,synthetic,gold/images/hard_many_0032.png,Which vertical had the highest revenue?,Logistics,bar,max_min,hard,true,train,"hard/many_categories; procedural gen (seed=777, idx=32); correct-by-construction"
hard_many_0032__q2,synthetic,gold/images/hard_many_0032.png,Rank the top 3 verticals by revenue.,"Logistics, Manufacturing, Insurance",bar,rank_order,hard,true,train,"hard/many_categories; procedural gen (seed=777, idx=32); correct-by-construction"
hard_many_0032__q3,synthetic,gold/images/hard_many_0032.png,Which vertical had the lowest revenue?,Finance,bar,max_min,hard,true,train,"hard/many_categories; procedural gen (seed=777, idx=32); correct-by-construction"
hard_crowd_0033__q1,synthetic,gold/images/hard_crowd_0033.png,"For SMB, in which period was revenue highest?",Q4,line,max_min,hard,true,train,"hard/crowded_legend; procedural gen (seed=777, idx=33); correct-by-construction"
hard_crowd_0033__q2,synthetic,gold/images/hard_crowd_0033.png,"For SMB, did revenue increase or decrease from Q1 to Q2?",Increased,line,trend_direction,hard,true,train,"hard/crowded_legend; procedural gen (seed=777, idx=33); correct-by-construction"
hard_log_0034__q1,synthetic,gold/images/hard_log_0034.png,Which product sold the most units?,Widget E,bar,max_min,hard,true,train,"hard/log_scale; procedural gen (seed=777, idx=34); correct-by-construction"
hard_log_0034__q2,synthetic,gold/images/hard_log_0034.png,How many more units did Widget E sell than Widget B?,44980,bar,delta_absolute,hard,true,train,"hard/log_scale; procedural gen (seed=777, idx=34); correct-by-construction"
hard_dual_0035__q1,synthetic,gold/images/hard_dual_0035.png,What was the conversion rate in Mar?,3.1%,mixed,lookup_value,hard,true,train,"hard/dual_axis; procedural gen (seed=777, idx=35); correct-by-construction"
hard_dual_0035__q2,synthetic,gold/images/hard_dual_0035.png,In which period was the conversion rate highest?,Apr,mixed,max_min,hard,true,train,"hard/dual_axis; procedural gen (seed=777, idx=35); correct-by-construction"
hard_dual_0035__q3,synthetic,gold/images/hard_dual_0035.png,What was the revenue in Mar?,$8500,mixed,lookup_value,hard,true,train,"hard/dual_axis; procedural gen (seed=777, idx=35); correct-by-construction"
hard_trunc_0036__q1,synthetic,gold/images/hard_trunc_0036.png,Which segment had the highest revenue?,Education,bar,max_min,hard,true,train,"hard/truncated_axis; procedural gen (seed=777, idx=36); correct-by-construction"
hard_trunc_0036__q2,synthetic,gold/images/hard_trunc_0036.png,How much more revenue did Education generate than Enterprise?,$1300,bar,delta_absolute,hard,true,train,"hard/truncated_axis; procedural gen (seed=777, idx=36); correct-by-construction"
hard_unlab_0037__q1,synthetic,gold/images/hard_unlab_0037.png,What was Agriculture's revenue?,$4000,bar,lookup_value,hard,true,train,"hard/unlabeled; procedural gen (seed=777, idx=37); correct-by-construction"
hard_unlab_0037__q2,synthetic,gold/images/hard_unlab_0037.png,Which vertical had the highest revenue?,Finance,bar,max_min,hard,true,train,"hard/unlabeled; procedural gen (seed=777, idx=37); correct-by-construction"
hard_unline_0038__q1,synthetic,gold/images/hard_unline_0038.png,How many signups were there in Apr?,500,line,lookup_value,hard,true,train,"hard/unlabeled; procedural gen (seed=777, idx=38); correct-by-construction"
hard_unline_0038__q2,synthetic,gold/images/hard_unline_0038.png,In which period were signups lowest?,Jan,line,max_min,hard,true,train,"hard/unlabeled; procedural gen (seed=777, idx=38); correct-by-construction"
hard_tie_0039__q1,synthetic,gold/images/hard_tie_0039.png,Which product sold the most units?,Widget E,bar,max_min,hard,true,train,"hard/near_tie; procedural gen (seed=777, idx=39); correct-by-construction"
hard_tie_0039__q2,synthetic,gold/images/hard_tie_0039.png,Rank the top 3 products by units sold.,"Widget E, Widget B, Widget C",bar,rank_order,hard,true,train,"hard/near_tie; procedural gen (seed=777, idx=39); correct-by-construction"
hard_tie_0039__q3,synthetic,gold/images/hard_tie_0039.png,How many more units did Widget E sell than Widget B?,100,bar,delta_absolute,hard,true,train,"hard/near_tie; procedural gen (seed=777, idx=39); correct-by-construction"
hard_simcol_0040__q1,synthetic,gold/images/hard_simcol_0040.png,What was NA's revenue in 2023?,$9000,grouped_bar,lookup_value,hard,true,train,"hard/similar_colors; procedural gen (seed=777, idx=40); correct-by-construction"
hard_simcol_0040__q2,synthetic,gold/images/hard_simcol_0040.png,"In 2023, which region had the highest revenue?",NA,grouped_bar,max_min,hard,true,train,"hard/similar_colors; procedural gen (seed=777, idx=40); correct-by-construction"
hard_many_0041__q1,synthetic,gold/images/hard_many_0041.png,Which vertical had the highest revenue?,Insurance,bar,max_min,hard,true,train,"hard/many_categories; procedural gen (seed=777, idx=41); correct-by-construction"
hard_many_0041__q2,synthetic,gold/images/hard_many_0041.png,Rank the top 3 verticals by revenue.,"Insurance, Tech, Healthcare",bar,rank_order,hard,true,train,"hard/many_categories; procedural gen (seed=777, idx=41); correct-by-construction"
hard_many_0041__q3,synthetic,gold/images/hard_many_0041.png,Which vertical had the lowest revenue?,Logistics,bar,max_min,hard,true,train,"hard/many_categories; procedural gen (seed=777, idx=41); correct-by-construction"
hard_crowd_0042__q1,synthetic,gold/images/hard_crowd_0042.png,"For Startup, in which period was revenue highest?",Apr,line,max_min,hard,true,train,"hard/crowded_legend; procedural gen (seed=777, idx=42); correct-by-construction"
hard_crowd_0042__q2,synthetic,gold/images/hard_crowd_0042.png,"For Startup, did revenue increase or decrease from Jan to Feb?",Increased,line,trend_direction,hard,true,train,"hard/crowded_legend; procedural gen (seed=777, idx=42); correct-by-construction"
hard_log_0043__q1,synthetic,gold/images/hard_log_0043.png,Which product sold the most units?,Gizmo Y,bar,max_min,hard,true,train,"hard/log_scale; procedural gen (seed=777, idx=43); correct-by-construction"
hard_log_0043__q2,synthetic,gold/images/hard_log_0043.png,How many more units did Gizmo Y sell than Widget A?,64930,bar,delta_absolute,hard,true,train,"hard/log_scale; procedural gen (seed=777, idx=43); correct-by-construction"
hard_dual_0044__q1,synthetic,gold/images/hard_dual_0044.png,What was the conversion rate in Jan?,2.4%,mixed,lookup_value,hard,true,train,"hard/dual_axis; procedural gen (seed=777, idx=44); correct-by-construction"
hard_dual_0044__q2,synthetic,gold/images/hard_dual_0044.png,In which period was the conversion rate highest?,Mar,mixed,max_min,hard,true,train,"hard/dual_axis; procedural gen (seed=777, idx=44); correct-by-construction"
hard_dual_0044__q3,synthetic,gold/images/hard_dual_0044.png,What was the revenue in Jan?,$6100,mixed,lookup_value,hard,true,train,"hard/dual_axis; procedural gen (seed=777, idx=44); correct-by-construction"
hard_trunc_0045__q1,synthetic,gold/images/hard_trunc_0045.png,Which segment had the highest revenue?,Nonprofit,bar,max_min,hard,true,train,"hard/truncated_axis; procedural gen (seed=777, idx=45); correct-by-construction"
hard_trunc_0045__q2,synthetic,gold/images/hard_trunc_0045.png,How much more revenue did Nonprofit generate than Mid-Market?,$1500,bar,delta_absolute,hard,true,train,"hard/truncated_axis; procedural gen (seed=777, idx=45); correct-by-construction"
hard_unlab_0046__q1,synthetic,gold/images/hard_unlab_0046.png,What was Hospitality's revenue?,$4000,bar,lookup_value,hard,true,train,"hard/unlabeled; procedural gen (seed=777, idx=46); correct-by-construction"
hard_unlab_0046__q2,synthetic,gold/images/hard_unlab_0046.png,Which vertical had the highest revenue?,Tech,bar,max_min,hard,true,train,"hard/unlabeled; procedural gen (seed=777, idx=46); correct-by-construction"
hard_unline_0047__q1,synthetic,gold/images/hard_unline_0047.png,How many signups were there in Feb?,1200,line,lookup_value,hard,true,train,"hard/unlabeled; procedural gen (seed=777, idx=47); correct-by-construction"
hard_unline_0047__q2,synthetic,gold/images/hard_unline_0047.png,In which period were signups lowest?,Mar,line,max_min,hard,true,train,"hard/unlabeled; procedural gen (seed=777, idx=47); correct-by-construction"
hard_tie_0048__q1,synthetic,gold/images/hard_tie_0048.png,Which product sold the most units?,Widget B,bar,max_min,hard,true,train,"hard/near_tie; procedural gen (seed=777, idx=48); correct-by-construction"
hard_tie_0048__q2,synthetic,gold/images/hard_tie_0048.png,Rank the top 3 products by units sold.,"Widget B, Widget D, Widget C",bar,rank_order,hard,true,train,"hard/near_tie; procedural gen (seed=777, idx=48); correct-by-construction"
hard_tie_0048__q3,synthetic,gold/images/hard_tie_0048.png,How many more units did Widget B sell than Widget D?,100,bar,delta_absolute,hard,true,train,"hard/near_tie; procedural gen (seed=777, idx=48); correct-by-construction"
hard_simcol_0049__q1,synthetic,gold/images/hard_simcol_0049.png,What was EMEA's revenue in Q2?,$4800,grouped_bar,lookup_value,hard,true,train,"hard/similar_colors; procedural gen (seed=777, idx=49); correct-by-construction"
hard_simcol_0049__q2,synthetic,gold/images/hard_simcol_0049.png,"In Q2, which region had the highest revenue?",LATAM,grouped_bar,max_min,hard,true,train,"hard/similar_colors; procedural gen (seed=777, idx=49); correct-by-construction"
hard_many_0050__q1,synthetic,gold/images/hard_many_0050.png,Which vertical had the highest revenue?,Retail,bar,max_min,hard,true,train,"hard/many_categories; procedural gen (seed=777, idx=50); correct-by-construction"
hard_many_0050__q2,synthetic,gold/images/hard_many_0050.png,Rank the top 3 verticals by revenue.,"Retail, Finance, Manufacturing",bar,rank_order,hard,true,train,"hard/many_categories; procedural gen (seed=777, idx=50); correct-by-construction"
hard_many_0050__q3,synthetic,gold/images/hard_many_0050.png,Which vertical had the lowest revenue?,Automotive,bar,max_min,hard,true,train,"hard/many_categories; procedural gen (seed=777, idx=50); correct-by-construction"
hard_crowd_0051__q1,synthetic,gold/images/hard_crowd_0051.png,"For Education, in which period was revenue highest?",Dec,line,max_min,hard,true,train,"hard/crowded_legend; procedural gen (seed=777, idx=51); correct-by-construction"
hard_crowd_0051__q2,synthetic,gold/images/hard_crowd_0051.png,"For Education, did revenue increase or decrease from Aug to Sep?",Increased,line,trend_direction,hard,true,train,"hard/crowded_legend; procedural gen (seed=777, idx=51); correct-by-construction"
hard_log_0052__q1,synthetic,gold/images/hard_log_0052.png,Which product sold the most units?,Widget E,bar,max_min,hard,true,train,"hard/log_scale; procedural gen (seed=777, idx=52); correct-by-construction"
hard_log_0052__q2,synthetic,gold/images/hard_log_0052.png,How many more units did Widget E sell than Widget B?,14960,bar,delta_absolute,hard,true,train,"hard/log_scale; procedural gen (seed=777, idx=52); correct-by-construction"
hard_dual_0053__q1,synthetic,gold/images/hard_dual_0053.png,What was the conversion rate in Mar?,7.1%,mixed,lookup_value,hard,true,train,"hard/dual_axis; procedural gen (seed=777, idx=53); correct-by-construction"
hard_dual_0053__q2,synthetic,gold/images/hard_dual_0053.png,In which period was the conversion rate highest?,May,mixed,max_min,hard,true,train,"hard/dual_axis; procedural gen (seed=777, idx=53); correct-by-construction"
hard_dual_0053__q3,synthetic,gold/images/hard_dual_0053.png,What was the revenue in Mar?,$2400,mixed,lookup_value,hard,true,train,"hard/dual_axis; procedural gen (seed=777, idx=53); correct-by-construction"
hard_trunc_0054__q1,synthetic,gold/images/hard_trunc_0054.png,Which segment had the highest revenue?,Enterprise,bar,max_min,hard,true,train,"hard/truncated_axis; procedural gen (seed=777, idx=54); correct-by-construction"
hard_trunc_0054__q2,synthetic,gold/images/hard_trunc_0054.png,How much more revenue did Enterprise generate than Education?,$1000,bar,delta_absolute,hard,true,train,"hard/truncated_axis; procedural gen (seed=777, idx=54); correct-by-construction"
hard_unlab_0055__q1,synthetic,gold/images/hard_unlab_0055.png,What was Media's revenue?,$3000,bar,lookup_value,hard,true,train,"hard/unlabeled; procedural gen (seed=777, idx=55); correct-by-construction"
hard_unlab_0055__q2,synthetic,gold/images/hard_unlab_0055.png,Which vertical had the highest revenue?,Logistics,bar,max_min,hard,true,train,"hard/unlabeled; procedural gen (seed=777, idx=55); correct-by-construction"
hard_unline_0056__q1,synthetic,gold/images/hard_unline_0056.png,How many signups were there in Jan?,4000,line,lookup_value,hard,true,train,"hard/unlabeled; procedural gen (seed=777, idx=56); correct-by-construction"
hard_unline_0056__q2,synthetic,gold/images/hard_unline_0056.png,In which period were signups lowest?,May,line,max_min,hard,true,train,"hard/unlabeled; procedural gen (seed=777, idx=56); correct-by-construction"
hard_tie_0057__q1,synthetic,gold/images/hard_tie_0057.png,Which product sold the most units?,Gizmo Y,bar,max_min,hard,true,train,"hard/near_tie; procedural gen (seed=777, idx=57); correct-by-construction"
hard_tie_0057__q2,synthetic,gold/images/hard_tie_0057.png,Rank the top 3 products by units sold.,"Gizmo Y, Widget B, Gizmo X",bar,rank_order,hard,true,train,"hard/near_tie; procedural gen (seed=777, idx=57); correct-by-construction"
hard_tie_0057__q3,synthetic,gold/images/hard_tie_0057.png,How many more units did Gizmo Y sell than Widget B?,150,bar,delta_absolute,hard,true,train,"hard/near_tie; procedural gen (seed=777, idx=57); correct-by-construction"
hard_simcol_0058__q1,synthetic,gold/images/hard_simcol_0058.png,What was EMEA's revenue in Actual?,$3400,grouped_bar,lookup_value,hard,true,train,"hard/similar_colors; procedural gen (seed=777, idx=58); correct-by-construction"
hard_simcol_0058__q2,synthetic,gold/images/hard_simcol_0058.png,"In Actual, which region had the highest revenue?",APAC,grouped_bar,max_min,hard,true,train,"hard/similar_colors; procedural gen (seed=777, idx=58); correct-by-construction"
hard_many_0059__q1,synthetic,gold/images/hard_many_0059.png,Which vertical had the highest revenue?,Retail,bar,max_min,hard,true,train,"hard/many_categories; procedural gen (seed=777, idx=59); correct-by-construction"
hard_many_0059__q2,synthetic,gold/images/hard_many_0059.png,Rank the top 3 verticals by revenue.,"Retail, Utilities, Finance",bar,rank_order,hard,true,train,"hard/many_categories; procedural gen (seed=777, idx=59); correct-by-construction"
hard_many_0059__q3,synthetic,gold/images/hard_many_0059.png,Which vertical had the lowest revenue?,Construction,bar,max_min,hard,true,train,"hard/many_categories; procedural gen (seed=777, idx=59); correct-by-construction"
hard_crowd_0060__q1,synthetic,gold/images/hard_crowd_0060.png,"For Government, in which period was revenue highest?",Jun,line,max_min,hard,true,train,"hard/crowded_legend; procedural gen (seed=777, idx=60); correct-by-construction"
hard_crowd_0060__q2,synthetic,gold/images/hard_crowd_0060.png,"For Government, did revenue increase or decrease from Feb to Mar?",Increased,line,trend_direction,hard,true,train,"hard/crowded_legend; procedural gen (seed=777, idx=60); correct-by-construction"
hard_log_0061__q1,synthetic,gold/images/hard_log_0061.png,Which product sold the most units?,Gizmo X,bar,max_min,hard,true,train,"hard/log_scale; procedural gen (seed=777, idx=61); correct-by-construction"
hard_log_0061__q2,synthetic,gold/images/hard_log_0061.png,How many more units did Gizmo X sell than Widget F?,94965,bar,delta_absolute,hard,true,train,"hard/log_scale; procedural gen (seed=777, idx=61); correct-by-construction"
hard_dual_0062__q1,synthetic,gold/images/hard_dual_0062.png,What was the conversion rate in Q2?,5.0%,mixed,lookup_value,hard,true,train,"hard/dual_axis; procedural gen (seed=777, idx=62); correct-by-construction"
hard_dual_0062__q2,synthetic,gold/images/hard_dual_0062.png,In which period was the conversion rate highest?,Q3,mixed,max_min,hard,true,train,"hard/dual_axis; procedural gen (seed=777, idx=62); correct-by-construction"
hard_dual_0062__q3,synthetic,gold/images/hard_dual_0062.png,What was the revenue in Q2?,$11800,mixed,lookup_value,hard,true,train,"hard/dual_axis; procedural gen (seed=777, idx=62); correct-by-construction"
hard_trunc_0063__q1,synthetic,gold/images/hard_trunc_0063.png,Which segment had the highest revenue?,Enterprise,bar,max_min,hard,true,train,"hard/truncated_axis; procedural gen (seed=777, idx=63); correct-by-construction"
hard_trunc_0063__q2,synthetic,gold/images/hard_trunc_0063.png,How much more revenue did Enterprise generate than Consumer?,$1700,bar,delta_absolute,hard,true,train,"hard/truncated_axis; procedural gen (seed=777, idx=63); correct-by-construction"
hard_unlab_0064__q1,synthetic,gold/images/hard_unlab_0064.png,What was Logistics's revenue?,$3500,bar,lookup_value,hard,true,train,"hard/unlabeled; procedural gen (seed=777, idx=64); correct-by-construction"
hard_unlab_0064__q2,synthetic,gold/images/hard_unlab_0064.png,Which vertical had the highest revenue?,Education,bar,max_min,hard,true,train,"hard/unlabeled; procedural gen (seed=777, idx=64); correct-by-construction"
hard_unline_0065__q1,synthetic,gold/images/hard_unline_0065.png,How many signups were there in Sep?,400,line,lookup_value,hard,true,train,"hard/unlabeled; procedural gen (seed=777, idx=65); correct-by-construction"
hard_unline_0065__q2,synthetic,gold/images/hard_unline_0065.png,In which period were signups lowest?,Oct,line,max_min,hard,true,train,"hard/unlabeled; procedural gen (seed=777, idx=65); correct-by-construction"
hard_tie_0066__q1,synthetic,gold/images/hard_tie_0066.png,Which product sold the most units?,Gizmo X,bar,max_min,hard,true,train,"hard/near_tie; procedural gen (seed=777, idx=66); correct-by-construction"
hard_tie_0066__q2,synthetic,gold/images/hard_tie_0066.png,Rank the top 3 products by units sold.,"Gizmo X, Widget B, Gizmo Y",bar,rank_order,hard,true,train,"hard/near_tie; procedural gen (seed=777, idx=66); correct-by-construction"
hard_tie_0066__q3,synthetic,gold/images/hard_tie_0066.png,How many more units did Gizmo X sell than Widget B?,150,bar,delta_absolute,hard,true,train,"hard/near_tie; procedural gen (seed=777, idx=66); correct-by-construction"
hard_simcol_0067__q1,synthetic,gold/images/hard_simcol_0067.png,What was MEA's revenue in Actual?,$7900,grouped_bar,lookup_value,hard,true,train,"hard/similar_colors; procedural gen (seed=777, idx=67); correct-by-construction"
hard_simcol_0067__q2,synthetic,gold/images/hard_simcol_0067.png,"In Actual, which region had the highest revenue?",MEA,grouped_bar,max_min,hard,true,train,"hard/similar_colors; procedural gen (seed=777, idx=67); correct-by-construction"
hard_many_0068__q1,synthetic,gold/images/hard_many_0068.png,Which vertical had the highest revenue?,Utilities,bar,max_min,hard,true,train,"hard/many_categories; procedural gen (seed=777, idx=68); correct-by-construction"
hard_many_0068__q2,synthetic,gold/images/hard_many_0068.png,Rank the top 3 verticals by revenue.,"Utilities, Tech, Construction",bar,rank_order,hard,true,train,"hard/many_categories; procedural gen (seed=777, idx=68); correct-by-construction"
hard_many_0068__q3,synthetic,gold/images/hard_many_0068.png,Which vertical had the lowest revenue?,Retail,bar,max_min,hard,true,train,"hard/many_categories; procedural gen (seed=777, idx=68); correct-by-construction"
hard_crowd_0069__q1,synthetic,gold/images/hard_crowd_0069.png,"For Nonprofit, in which period was revenue highest?",Jul,line,max_min,hard,true,train,"hard/crowded_legend; procedural gen (seed=777, idx=69); correct-by-construction"
hard_crowd_0069__q2,synthetic,gold/images/hard_crowd_0069.png,"For Nonprofit, did revenue increase or decrease from Aug to Sep?",Decreased,line,trend_direction,hard,true,train,"hard/crowded_legend; procedural gen (seed=777, idx=69); correct-by-construction"
hard_log_0070__q1,synthetic,gold/images/hard_log_0070.png,Which product sold the most units?,Gizmo X,bar,max_min,hard,true,train,"hard/log_scale; procedural gen (seed=777, idx=70); correct-by-construction"
hard_log_0070__q2,synthetic,gold/images/hard_log_0070.png,How many more units did Gizmo X sell than Gizmo Y?,44980,bar,delta_absolute,hard,true,train,"hard/log_scale; procedural gen (seed=777, idx=70); correct-by-construction"
hard_dual_0071__q1,synthetic,gold/images/hard_dual_0071.png,What was the conversion rate in Jul?,7.3%,mixed,lookup_value,hard,true,train,"hard/dual_axis; procedural gen (seed=777, idx=71); correct-by-construction"
hard_dual_0071__q2,synthetic,gold/images/hard_dual_0071.png,In which period was the conversion rate highest?,Aug,mixed,max_min,hard,true,train,"hard/dual_axis; procedural gen (seed=777, idx=71); correct-by-construction"
hard_dual_0071__q3,synthetic,gold/images/hard_dual_0071.png,What was the revenue in Jul?,$9000,mixed,lookup_value,hard,true,train,"hard/dual_axis; procedural gen (seed=777, idx=71); correct-by-construction"
hard_trunc_0072__q1,synthetic,gold/images/hard_trunc_0072.png,Which segment had the highest revenue?,Government,bar,max_min,hard,true,train,"hard/truncated_axis; procedural gen (seed=777, idx=72); correct-by-construction"
hard_trunc_0072__q2,synthetic,gold/images/hard_trunc_0072.png,How much more revenue did Government generate than Startup?,$1300,bar,delta_absolute,hard,true,train,"hard/truncated_axis; procedural gen (seed=777, idx=72); correct-by-construction"
hard_unlab_0073__q1,synthetic,gold/images/hard_unlab_0073.png,What was Telecom's revenue?,$2000,bar,lookup_value,hard,true,train,"hard/unlabeled; procedural gen (seed=777, idx=73); correct-by-construction"
hard_unlab_0073__q2,synthetic,gold/images/hard_unlab_0073.png,Which vertical had the highest revenue?,Retail,bar,max_min,hard,true,train,"hard/unlabeled; procedural gen (seed=777, idx=73); correct-by-construction"
hard_unline_0074__q1,synthetic,gold/images/hard_unline_0074.png,How many signups were there in W3?,300,line,lookup_value,hard,true,train,"hard/unlabeled; procedural gen (seed=777, idx=74); correct-by-construction"
hard_unline_0074__q2,synthetic,gold/images/hard_unline_0074.png,In which period were signups lowest?,W3,line,max_min,hard,true,train,"hard/unlabeled; procedural gen (seed=777, idx=74); correct-by-construction"
hard_tie_0075__q1,synthetic,gold/images/hard_tie_0075.png,Which product sold the most units?,Widget E,bar,max_min,hard,true,train,"hard/near_tie; procedural gen (seed=777, idx=75); correct-by-construction"
hard_tie_0075__q2,synthetic,gold/images/hard_tie_0075.png,Rank the top 3 products by units sold.,"Widget E, Widget F, Widget D",bar,rank_order,hard,true,train,"hard/near_tie; procedural gen (seed=777, idx=75); correct-by-construction"
hard_tie_0075__q3,synthetic,gold/images/hard_tie_0075.png,How many more units did Widget E sell than Widget F?,50,bar,delta_absolute,hard,true,train,"hard/near_tie; procedural gen (seed=777, idx=75); correct-by-construction"
hard_simcol_0076__q1,synthetic,gold/images/hard_simcol_0076.png,What was NA's revenue in Actual?,$5100,grouped_bar,lookup_value,hard,true,train,"hard/similar_colors; procedural gen (seed=777, idx=76); correct-by-construction"
hard_simcol_0076__q2,synthetic,gold/images/hard_simcol_0076.png,"In Actual, which region had the highest revenue?",MEA,grouped_bar,max_min,hard,true,train,"hard/similar_colors; procedural gen (seed=777, idx=76); correct-by-construction"
hard_many_0077__q1,synthetic,gold/images/hard_many_0077.png,Which vertical had the highest revenue?,Education,bar,max_min,hard,true,train,"hard/many_categories; procedural gen (seed=777, idx=77); correct-by-construction"
hard_many_0077__q2,synthetic,gold/images/hard_many_0077.png,Rank the top 3 verticals by revenue.,"Education, Agriculture, Automotive",bar,rank_order,hard,true,train,"hard/many_categories; procedural gen (seed=777, idx=77); correct-by-construction"
hard_many_0077__q3,synthetic,gold/images/hard_many_0077.png,Which vertical had the lowest revenue?,Manufacturing,bar,max_min,hard,true,train,"hard/many_categories; procedural gen (seed=777, idx=77); correct-by-construction"
hard_crowd_0078__q1,synthetic,gold/images/hard_crowd_0078.png,"For Enterprise, in which period was revenue highest?",Q2,line,max_min,hard,true,train,"hard/crowded_legend; procedural gen (seed=777, idx=78); correct-by-construction"
hard_crowd_0078__q2,synthetic,gold/images/hard_crowd_0078.png,"For Enterprise, did revenue increase or decrease from Q1 to Q2?",Increased,line,trend_direction,hard,true,train,"hard/crowded_legend; procedural gen (seed=777, idx=78); correct-by-construction"
hard_log_0079__q1,synthetic,gold/images/hard_log_0079.png,Which product sold the most units?,Widget A,bar,max_min,hard,true,train,"hard/log_scale; procedural gen (seed=777, idx=79); correct-by-construction"
hard_log_0079__q2,synthetic,gold/images/hard_log_0079.png,How many more units did Widget A sell than Widget F?,64905,bar,delta_absolute,hard,true,train,"hard/log_scale; procedural gen (seed=777, idx=79); correct-by-construction"
hard_dual_0080__q1,synthetic,gold/images/hard_dual_0080.png,What was the conversion rate in Q1?,6.9%,mixed,lookup_value,hard,true,train,"hard/dual_axis; procedural gen (seed=777, idx=80); correct-by-construction"
hard_dual_0080__q2,synthetic,gold/images/hard_dual_0080.png,In which period was the conversion rate highest?,Q4,mixed,max_min,hard,true,train,"hard/dual_axis; procedural gen (seed=777, idx=80); correct-by-construction"
hard_dual_0080__q3,synthetic,gold/images/hard_dual_0080.png,What was the revenue in Q1?,$5300,mixed,lookup_value,hard,true,train,"hard/dual_axis; procedural gen (seed=777, idx=80); correct-by-construction"
hard_trunc_0081__q1,synthetic,gold/images/hard_trunc_0081.png,Which segment had the highest revenue?,Mid-Market,bar,max_min,hard,true,train,"hard/truncated_axis; procedural gen (seed=777, idx=81); correct-by-construction"
hard_trunc_0081__q2,synthetic,gold/images/hard_trunc_0081.png,How much more revenue did Mid-Market generate than Government?,$1000,bar,delta_absolute,hard,true,train,"hard/truncated_axis; procedural gen (seed=777, idx=81); correct-by-construction"
hard_unlab_0082__q1,synthetic,gold/images/hard_unlab_0082.png,What was Retail's revenue?,$8000,bar,lookup_value,hard,true,train,"hard/unlabeled; procedural gen (seed=777, idx=82); correct-by-construction"
hard_unlab_0082__q2,synthetic,gold/images/hard_unlab_0082.png,Which vertical had the highest revenue?,Media,bar,max_min,hard,true,train,"hard/unlabeled; procedural gen (seed=777, idx=82); correct-by-construction"
hard_unline_0083__q1,synthetic,gold/images/hard_unline_0083.png,How many signups were there in W1?,800,line,lookup_value,hard,true,train,"hard/unlabeled; procedural gen (seed=777, idx=83); correct-by-construction"
hard_unline_0083__q2,synthetic,gold/images/hard_unline_0083.png,In which period were signups lowest?,W4,line,max_min,hard,true,train,"hard/unlabeled; procedural gen (seed=777, idx=83); correct-by-construction"
hard_tie_0084__q1,synthetic,gold/images/hard_tie_0084.png,Which product sold the most units?,Widget D,bar,max_min,hard,true,train,"hard/near_tie; procedural gen (seed=777, idx=84); correct-by-construction"
hard_tie_0084__q2,synthetic,gold/images/hard_tie_0084.png,Rank the top 3 products by units sold.,"Widget D, Widget B, Widget F",bar,rank_order,hard,true,train,"hard/near_tie; procedural gen (seed=777, idx=84); correct-by-construction"
hard_tie_0084__q3,synthetic,gold/images/hard_tie_0084.png,How many more units did Widget D sell than Widget B?,150,bar,delta_absolute,hard,true,train,"hard/near_tie; procedural gen (seed=777, idx=84); correct-by-construction"
hard_simcol_0085__q1,synthetic,gold/images/hard_simcol_0085.png,What was APAC's revenue in 2025?,$4600,grouped_bar,lookup_value,hard,true,train,"hard/similar_colors; procedural gen (seed=777, idx=85); correct-by-construction"
hard_simcol_0085__q2,synthetic,gold/images/hard_simcol_0085.png,"In 2025, which region had the highest revenue?",EMEA,grouped_bar,max_min,hard,true,train,"hard/similar_colors; procedural gen (seed=777, idx=85); correct-by-construction"
hard_many_0086__q1,synthetic,gold/images/hard_many_0086.png,Which vertical had the highest revenue?,Hospitality,bar,max_min,hard,true,train,"hard/many_categories; procedural gen (seed=777, idx=86); correct-by-construction"
hard_many_0086__q2,synthetic,gold/images/hard_many_0086.png,Rank the top 3 verticals by revenue.,"Hospitality, Logistics, Media",bar,rank_order,hard,true,train,"hard/many_categories; procedural gen (seed=777, idx=86); correct-by-construction"
hard_many_0086__q3,synthetic,gold/images/hard_many_0086.png,Which vertical had the lowest revenue?,Construction,bar,max_min,hard,true,train,"hard/many_categories; procedural gen (seed=777, idx=86); correct-by-construction"
hard_crowd_0087__q1,synthetic,gold/images/hard_crowd_0087.png,"For Enterprise, in which period was revenue highest?",Mar,line,max_min,hard,true,train,"hard/crowded_legend; procedural gen (seed=777, idx=87); correct-by-construction"
hard_crowd_0087__q2,synthetic,gold/images/hard_crowd_0087.png,"For Enterprise, did revenue increase or decrease from Apr to May?",Increased,line,trend_direction,hard,true,train,"hard/crowded_legend; procedural gen (seed=777, idx=87); correct-by-construction"
hard_log_0088__q1,synthetic,gold/images/hard_log_0088.png,Which product sold the most units?,Widget C,bar,max_min,hard,true,train,"hard/log_scale; procedural gen (seed=777, idx=88); correct-by-construction"
hard_log_0088__q2,synthetic,gold/images/hard_log_0088.png,How many more units did Widget C sell than Widget B?,89980,bar,delta_absolute,hard,true,train,"hard/log_scale; procedural gen (seed=777, idx=88); correct-by-construction"
hard_dual_0089__q1,synthetic,gold/images/hard_dual_0089.png,What was the conversion rate in Sep?,7.6%,mixed,lookup_value,hard,true,train,"hard/dual_axis; procedural gen (seed=777, idx=89); correct-by-construction"
hard_dual_0089__q2,synthetic,gold/images/hard_dual_0089.png,In which period was the conversion rate highest?,Oct,mixed,max_min,hard,true,train,"hard/dual_axis; procedural gen (seed=777, idx=89); correct-by-construction"
hard_dual_0089__q3,synthetic,gold/images/hard_dual_0089.png,What was the revenue in Sep?,$6200,mixed,lookup_value,hard,true,train,"hard/dual_axis; procedural gen (seed=777, idx=89); correct-by-construction"
hard_trunc_0090__q1,synthetic,gold/images/hard_trunc_0090.png,Which segment had the highest revenue?,Government,bar,max_min,hard,true,train,"hard/truncated_axis; procedural gen (seed=777, idx=90); correct-by-construction"
hard_trunc_0090__q2,synthetic,gold/images/hard_trunc_0090.png,How much more revenue did Government generate than Mid-Market?,$1300,bar,delta_absolute,hard,true,train,"hard/truncated_axis; procedural gen (seed=777, idx=90); correct-by-construction"
hard_unlab_0091__q1,synthetic,gold/images/hard_unlab_0091.png,What was Media's revenue?,$5000,bar,lookup_value,hard,true,train,"hard/unlabeled; procedural gen (seed=777, idx=91); correct-by-construction"
hard_unlab_0091__q2,synthetic,gold/images/hard_unlab_0091.png,Which vertical had the highest revenue?,Logistics,bar,max_min,hard,true,train,"hard/unlabeled; procedural gen (seed=777, idx=91); correct-by-construction"
hard_unline_0092__q1,synthetic,gold/images/hard_unline_0092.png,How many signups were there in W1?,2400,line,lookup_value,hard,true,train,"hard/unlabeled; procedural gen (seed=777, idx=92); correct-by-construction"
hard_unline_0092__q2,synthetic,gold/images/hard_unline_0092.png,In which period were signups lowest?,W2,line,max_min,hard,true,train,"hard/unlabeled; procedural gen (seed=777, idx=92); correct-by-construction"
hard_tie_0093__q1,synthetic,gold/images/hard_tie_0093.png,Which product sold the most units?,Widget E,bar,max_min,hard,true,train,"hard/near_tie; procedural gen (seed=777, idx=93); correct-by-construction"
hard_tie_0093__q2,synthetic,gold/images/hard_tie_0093.png,Rank the top 3 products by units sold.,"Widget E, Widget D, Widget C",bar,rank_order,hard,true,train,"hard/near_tie; procedural gen (seed=777, idx=93); correct-by-construction"
hard_tie_0093__q3,synthetic,gold/images/hard_tie_0093.png,How many more units did Widget E sell than Widget D?,150,bar,delta_absolute,hard,true,train,"hard/near_tie; procedural gen (seed=777, idx=93); correct-by-construction"
hard_simcol_0094__q1,synthetic,gold/images/hard_simcol_0094.png,What was APAC's revenue in 2024?,$6100,grouped_bar,lookup_value,hard,true,train,"hard/similar_colors; procedural gen (seed=777, idx=94); correct-by-construction"
hard_simcol_0094__q2,synthetic,gold/images/hard_simcol_0094.png,"In 2024, which region had the highest revenue?",ANZ,grouped_bar,max_min,hard,true,train,"hard/similar_colors; procedural gen (seed=777, idx=94); correct-by-construction"
hard_many_0095__q1,synthetic,gold/images/hard_many_0095.png,Which vertical had the highest revenue?,Finance,bar,max_min,hard,true,train,"hard/many_categories; procedural gen (seed=777, idx=95); correct-by-construction"
hard_many_0095__q2,synthetic,gold/images/hard_many_0095.png,Rank the top 3 verticals by revenue.,"Finance, Construction, Utilities",bar,rank_order,hard,true,train,"hard/many_categories; procedural gen (seed=777, idx=95); correct-by-construction"
hard_many_0095__q3,synthetic,gold/images/hard_many_0095.png,Which vertical had the lowest revenue?,Agriculture,bar,max_min,hard,true,train,"hard/many_categories; procedural gen (seed=777, idx=95); correct-by-construction"
hard_crowd_0096__q1,synthetic,gold/images/hard_crowd_0096.png,"For Government, in which period was revenue highest?",Jul,line,max_min,hard,true,train,"hard/crowded_legend; procedural gen (seed=777, idx=96); correct-by-construction"
hard_crowd_0096__q2,synthetic,gold/images/hard_crowd_0096.png,"For Government, did revenue increase or decrease from Sep to Oct?",Decreased,line,trend_direction,hard,true,train,"hard/crowded_legend; procedural gen (seed=777, idx=96); correct-by-construction"
hard_log_0097__q1,synthetic,gold/images/hard_log_0097.png,Which product sold the most units?,Widget B,bar,max_min,hard,true,train,"hard/log_scale; procedural gen (seed=777, idx=97); correct-by-construction"
hard_log_0097__q2,synthetic,gold/images/hard_log_0097.png,How many more units did Widget B sell than Widget F?,39960,bar,delta_absolute,hard,true,train,"hard/log_scale; procedural gen (seed=777, idx=97); correct-by-construction"
hard_dual_0098__q1,synthetic,gold/images/hard_dual_0098.png,What was the conversion rate in Q4?,5.0%,mixed,lookup_value,hard,true,train,"hard/dual_axis; procedural gen (seed=777, idx=98); correct-by-construction"
hard_dual_0098__q2,synthetic,gold/images/hard_dual_0098.png,In which period was the conversion rate highest?,Q2,mixed,max_min,hard,true,train,"hard/dual_axis; procedural gen (seed=777, idx=98); correct-by-construction"
hard_dual_0098__q3,synthetic,gold/images/hard_dual_0098.png,What was the revenue in Q4?,$5800,mixed,lookup_value,hard,true,train,"hard/dual_axis; procedural gen (seed=777, idx=98); correct-by-construction"
hard_trunc_0099__q1,synthetic,gold/images/hard_trunc_0099.png,Which segment had the highest revenue?,Consumer,bar,max_min,hard,true,train,"hard/truncated_axis; procedural gen (seed=777, idx=99); correct-by-construction"
hard_trunc_0099__q2,synthetic,gold/images/hard_trunc_0099.png,How much more revenue did Consumer generate than Enterprise?,$1400,bar,delta_absolute,hard,true,train,"hard/truncated_axis; procedural gen (seed=777, idx=99); correct-by-construction"
hard_unlab_0100__q1,synthetic,gold/images/hard_unlab_0100.png,What was Construction's revenue?,$4000,bar,lookup_value,hard,true,train,"hard/unlabeled; procedural gen (seed=777, idx=100); correct-by-construction"
hard_unlab_0100__q2,synthetic,gold/images/hard_unlab_0100.png,Which vertical had the highest revenue?,Retail,bar,max_min,hard,true,train,"hard/unlabeled; procedural gen (seed=777, idx=100); correct-by-construction"
hard_unline_0101__q1,synthetic,gold/images/hard_unline_0101.png,How many signups were there in Apr?,5000,line,lookup_value,hard,true,train,"hard/unlabeled; procedural gen (seed=777, idx=101); correct-by-construction"
hard_unline_0101__q2,synthetic,gold/images/hard_unline_0101.png,In which period were signups lowest?,Jan,line,max_min,hard,true,train,"hard/unlabeled; procedural gen (seed=777, idx=101); correct-by-construction"
hard_tie_0102__q1,synthetic,gold/images/hard_tie_0102.png,Which product sold the most units?,Widget A,bar,max_min,hard,true,train,"hard/near_tie; procedural gen (seed=777, idx=102); correct-by-construction"
hard_tie_0102__q2,synthetic,gold/images/hard_tie_0102.png,Rank the top 3 products by units sold.,"Widget A, Widget F, Widget E",bar,rank_order,hard,true,train,"hard/near_tie; procedural gen (seed=777, idx=102); correct-by-construction"
hard_tie_0102__q3,synthetic,gold/images/hard_tie_0102.png,How many more units did Widget A sell than Widget F?,150,bar,delta_absolute,hard,true,train,"hard/near_tie; procedural gen (seed=777, idx=102); correct-by-construction"
hard_simcol_0103__q1,synthetic,gold/images/hard_simcol_0103.png,What was NA's revenue in Forecast?,$8800,grouped_bar,lookup_value,hard,true,train,"hard/similar_colors; procedural gen (seed=777, idx=103); correct-by-construction"
hard_simcol_0103__q2,synthetic,gold/images/hard_simcol_0103.png,"In Forecast, which region had the highest revenue?",MEA,grouped_bar,max_min,hard,true,train,"hard/similar_colors; procedural gen (seed=777, idx=103); correct-by-construction"
hard_many_0104__q1,synthetic,gold/images/hard_many_0104.png,Which vertical had the highest revenue?,Automotive,bar,max_min,hard,true,train,"hard/many_categories; procedural gen (seed=777, idx=104); correct-by-construction"
hard_many_0104__q2,synthetic,gold/images/hard_many_0104.png,Rank the top 3 verticals by revenue.,"Automotive, Hospitality, Insurance",bar,rank_order,hard,true,train,"hard/many_categories; procedural gen (seed=777, idx=104); correct-by-construction"
hard_many_0104__q3,synthetic,gold/images/hard_many_0104.png,Which vertical had the lowest revenue?,Agriculture,bar,max_min,hard,true,train,"hard/many_categories; procedural gen (seed=777, idx=104); correct-by-construction"
hard_crowd_0105__q1,synthetic,gold/images/hard_crowd_0105.png,"For Enterprise, in which period was revenue highest?",Q4,line,max_min,hard,true,train,"hard/crowded_legend; procedural gen (seed=777, idx=105); correct-by-construction"
hard_crowd_0105__q2,synthetic,gold/images/hard_crowd_0105.png,"For Enterprise, did revenue increase or decrease from Q2 to Q3?",Increased,line,trend_direction,hard,true,train,"hard/crowded_legend; procedural gen (seed=777, idx=105); correct-by-construction"
hard_log_0106__q1,synthetic,gold/images/hard_log_0106.png,Which product sold the most units?,Widget A,bar,max_min,hard,true,train,"hard/log_scale; procedural gen (seed=777, idx=106); correct-by-construction"
hard_log_0106__q2,synthetic,gold/images/hard_log_0106.png,How many more units did Widget A sell than Widget F?,54955,bar,delta_absolute,hard,true,train,"hard/log_scale; procedural gen (seed=777, idx=106); correct-by-construction"
hard_dual_0107__q1,synthetic,gold/images/hard_dual_0107.png,What was the conversion rate in Jun?,3.0%,mixed,lookup_value,hard,true,train,"hard/dual_axis; procedural gen (seed=777, idx=107); correct-by-construction"
hard_dual_0107__q2,synthetic,gold/images/hard_dual_0107.png,In which period was the conversion rate highest?,May,mixed,max_min,hard,true,train,"hard/dual_axis; procedural gen (seed=777, idx=107); correct-by-construction"
hard_dual_0107__q3,synthetic,gold/images/hard_dual_0107.png,What was the revenue in Jun?,$3300,mixed,lookup_value,hard,true,train,"hard/dual_axis; procedural gen (seed=777, idx=107); correct-by-construction"
hard_trunc_0108__q1,synthetic,gold/images/hard_trunc_0108.png,Which segment had the highest revenue?,Mid-Market,bar,max_min,hard,true,train,"hard/truncated_axis; procedural gen (seed=777, idx=108); correct-by-construction"
hard_trunc_0108__q2,synthetic,gold/images/hard_trunc_0108.png,How much more revenue did Mid-Market generate than Government?,$1700,bar,delta_absolute,hard,true,train,"hard/truncated_axis; procedural gen (seed=777, idx=108); correct-by-construction"
hard_unlab_0109__q1,synthetic,gold/images/hard_unlab_0109.png,What was Logistics's revenue?,$2000,bar,lookup_value,hard,true,train,"hard/unlabeled; procedural gen (seed=777, idx=109); correct-by-construction"
hard_unlab_0109__q2,synthetic,gold/images/hard_unlab_0109.png,Which vertical had the highest revenue?,Utilities,bar,max_min,hard,true,train,"hard/unlabeled; procedural gen (seed=777, idx=109); correct-by-construction"
hard_unline_0110__q1,synthetic,gold/images/hard_unline_0110.png,How many signups were there in Jan?,3500,line,lookup_value,hard,true,train,"hard/unlabeled; procedural gen (seed=777, idx=110); correct-by-construction"
hard_unline_0110__q2,synthetic,gold/images/hard_unline_0110.png,In which period were signups lowest?,Mar,line,max_min,hard,true,train,"hard/unlabeled; procedural gen (seed=777, idx=110); correct-by-construction"
hard_tie_0111__q1,synthetic,gold/images/hard_tie_0111.png,Which product sold the most units?,Widget C,bar,max_min,hard,true,train,"hard/near_tie; procedural gen (seed=777, idx=111); correct-by-construction"
hard_tie_0111__q2,synthetic,gold/images/hard_tie_0111.png,Rank the top 3 products by units sold.,"Widget C, Widget A, Widget E",bar,rank_order,hard,true,train,"hard/near_tie; procedural gen (seed=777, idx=111); correct-by-construction"
hard_tie_0111__q3,synthetic,gold/images/hard_tie_0111.png,How many more units did Widget C sell than Widget A?,100,bar,delta_absolute,hard,true,train,"hard/near_tie; procedural gen (seed=777, idx=111); correct-by-construction"
hard_simcol_0112__q1,synthetic,gold/images/hard_simcol_0112.png,What was APAC's revenue in 2024?,$5300,grouped_bar,lookup_value,hard,true,train,"hard/similar_colors; procedural gen (seed=777, idx=112); correct-by-construction"
hard_simcol_0112__q2,synthetic,gold/images/hard_simcol_0112.png,"In 2024, which region had the highest revenue?",MEA,grouped_bar,max_min,hard,true,train,"hard/similar_colors; procedural gen (seed=777, idx=112); correct-by-construction"
hard_many_0113__q1,synthetic,gold/images/hard_many_0113.png,Which vertical had the highest revenue?,Logistics,bar,max_min,hard,true,train,"hard/many_categories; procedural gen (seed=777, idx=113); correct-by-construction"
hard_many_0113__q2,synthetic,gold/images/hard_many_0113.png,Rank the top 3 verticals by revenue.,"Logistics, Tech, Automotive",bar,rank_order,hard,true,train,"hard/many_categories; procedural gen (seed=777, idx=113); correct-by-construction"
hard_many_0113__q3,synthetic,gold/images/hard_many_0113.png,Which vertical had the lowest revenue?,Healthcare,bar,max_min,hard,true,train,"hard/many_categories; procedural gen (seed=777, idx=113); correct-by-construction"
hard_crowd_0114__q1,synthetic,gold/images/hard_crowd_0114.png,"For Nonprofit, in which period was revenue highest?",Q2,line,max_min,hard,true,train,"hard/crowded_legend; procedural gen (seed=777, idx=114); correct-by-construction"
hard_crowd_0114__q2,synthetic,gold/images/hard_crowd_0114.png,"For Nonprofit, did revenue increase or decrease from Q3 to Q4?",Decreased,line,trend_direction,hard,true,train,"hard/crowded_legend; procedural gen (seed=777, idx=114); correct-by-construction"
hard_log_0115__q1,synthetic,gold/images/hard_log_0115.png,Which product sold the most units?,Widget E,bar,max_min,hard,true,train,"hard/log_scale; procedural gen (seed=777, idx=115); correct-by-construction"
hard_log_0115__q2,synthetic,gold/images/hard_log_0115.png,How many more units did Widget E sell than Widget A?,94935,bar,delta_absolute,hard,true,train,"hard/log_scale; procedural gen (seed=777, idx=115); correct-by-construction"
hard_dual_0116__q1,synthetic,gold/images/hard_dual_0116.png,What was the conversion rate in Mar?,9.0%,mixed,lookup_value,hard,true,train,"hard/dual_axis; procedural gen (seed=777, idx=116); correct-by-construction"
hard_dual_0116__q2,synthetic,gold/images/hard_dual_0116.png,In which period was the conversion rate highest?,Mar,mixed,max_min,hard,true,train,"hard/dual_axis; procedural gen (seed=777, idx=116); correct-by-construction"
hard_dual_0116__q3,synthetic,gold/images/hard_dual_0116.png,What was the revenue in Mar?,$4100,mixed,lookup_value,hard,true,train,"hard/dual_axis; procedural gen (seed=777, idx=116); correct-by-construction"
hard_trunc_0117__q1,synthetic,gold/images/hard_trunc_0117.png,Which segment had the highest revenue?,Enterprise,bar,max_min,hard,true,train,"hard/truncated_axis; procedural gen (seed=777, idx=117); correct-by-construction"
hard_trunc_0117__q2,synthetic,gold/images/hard_trunc_0117.png,How much more revenue did Enterprise generate than Education?,$1800,bar,delta_absolute,hard,true,train,"hard/truncated_axis; procedural gen (seed=777, idx=117); correct-by-construction"
hard_unlab_0118__q1,synthetic,gold/images/hard_unlab_0118.png,What was Insurance's revenue?,$16000,bar,lookup_value,hard,true,train,"hard/unlabeled; procedural gen (seed=777, idx=118); correct-by-construction"
hard_unlab_0118__q2,synthetic,gold/images/hard_unlab_0118.png,Which vertical had the highest revenue?,Insurance,bar,max_min,hard,true,train,"hard/unlabeled; procedural gen (seed=777, idx=118); correct-by-construction"
hard_unline_0119__q1,synthetic,gold/images/hard_unline_0119.png,How many signups were there in Mar?,1600,line,lookup_value,hard,true,train,"hard/unlabeled; procedural gen (seed=777, idx=119); correct-by-construction"
hard_unline_0119__q2,synthetic,gold/images/hard_unline_0119.png,In which period were signups lowest?,Jun,line,max_min,hard,true,train,"hard/unlabeled; procedural gen (seed=777, idx=119); correct-by-construction"
hard_tie_0120__q1,synthetic,gold/images/hard_tie_0120.png,Which product sold the most units?,Widget B,bar,max_min,hard,true,train,"hard/near_tie; procedural gen (seed=777, idx=120); correct-by-construction"
hard_tie_0120__q2,synthetic,gold/images/hard_tie_0120.png,Rank the top 3 products by units sold.,"Widget B, Widget F, Gizmo X",bar,rank_order,hard,true,train,"hard/near_tie; procedural gen (seed=777, idx=120); correct-by-construction"
hard_tie_0120__q3,synthetic,gold/images/hard_tie_0120.png,How many more units did Widget B sell than Widget F?,100,bar,delta_absolute,hard,true,train,"hard/near_tie; procedural gen (seed=777, idx=120); correct-by-construction"
hard_simcol_0121__q1,synthetic,gold/images/hard_simcol_0121.png,What was MEA's revenue in 2024?,$2400,grouped_bar,lookup_value,hard,true,train,"hard/similar_colors; procedural gen (seed=777, idx=121); correct-by-construction"
hard_simcol_0121__q2,synthetic,gold/images/hard_simcol_0121.png,"In 2024, which region had the highest revenue?",NA,grouped_bar,max_min,hard,true,train,"hard/similar_colors; procedural gen (seed=777, idx=121); correct-by-construction"
hard_many_0122__q1,synthetic,gold/images/hard_many_0122.png,Which vertical had the highest revenue?,Tech,bar,max_min,hard,true,train,"hard/many_categories; procedural gen (seed=777, idx=122); correct-by-construction"
hard_many_0122__q2,synthetic,gold/images/hard_many_0122.png,Rank the top 3 verticals by revenue.,"Tech, Telecom, Agriculture",bar,rank_order,hard,true,train,"hard/many_categories; procedural gen (seed=777, idx=122); correct-by-construction"
hard_many_0122__q3,synthetic,gold/images/hard_many_0122.png,Which vertical had the lowest revenue?,Education,bar,max_min,hard,true,train,"hard/many_categories; procedural gen (seed=777, idx=122); correct-by-construction"
hard_crowd_0123__q1,synthetic,gold/images/hard_crowd_0123.png,"For SMB, in which period was revenue highest?",Q3,line,max_min,hard,true,train,"hard/crowded_legend; procedural gen (seed=777, idx=123); correct-by-construction"
hard_crowd_0123__q2,synthetic,gold/images/hard_crowd_0123.png,"For SMB, did revenue increase or decrease from Q3 to Q4?",Decreased,line,trend_direction,hard,true,train,"hard/crowded_legend; procedural gen (seed=777, idx=123); correct-by-construction"
hard_log_0124__q1,synthetic,gold/images/hard_log_0124.png,Which product sold the most units?,Widget D,bar,max_min,hard,true,train,"hard/log_scale; procedural gen (seed=777, idx=124); correct-by-construction"
hard_log_0124__q2,synthetic,gold/images/hard_log_0124.png,How many more units did Widget D sell than Gizmo Y?,94980,bar,delta_absolute,hard,true,train,"hard/log_scale; procedural gen (seed=777, idx=124); correct-by-construction"
hard_dual_0125__q1,synthetic,gold/images/hard_dual_0125.png,What was the conversion rate in Oct?,5.8%,mixed,lookup_value,hard,true,train,"hard/dual_axis; procedural gen (seed=777, idx=125); correct-by-construction"
hard_dual_0125__q2,synthetic,gold/images/hard_dual_0125.png,In which period was the conversion rate highest?,Dec,mixed,max_min,hard,true,train,"hard/dual_axis; procedural gen (seed=777, idx=125); correct-by-construction"
hard_dual_0125__q3,synthetic,gold/images/hard_dual_0125.png,What was the revenue in Oct?,$10100,mixed,lookup_value,hard,true,train,"hard/dual_axis; procedural gen (seed=777, idx=125); correct-by-construction"
hard_trunc_0126__q1,synthetic,gold/images/hard_trunc_0126.png,Which segment had the highest revenue?,Enterprise,bar,max_min,hard,true,train,"hard/truncated_axis; procedural gen (seed=777, idx=126); correct-by-construction"
hard_trunc_0126__q2,synthetic,gold/images/hard_trunc_0126.png,How much more revenue did Enterprise generate than Mid-Market?,$1500,bar,delta_absolute,hard,true,train,"hard/truncated_axis; procedural gen (seed=777, idx=126); correct-by-construction"
hard_unlab_0127__q1,synthetic,gold/images/hard_unlab_0127.png,What was Construction's revenue?,$10000,bar,lookup_value,hard,true,train,"hard/unlabeled; procedural gen (seed=777, idx=127); correct-by-construction"
hard_unlab_0127__q2,synthetic,gold/images/hard_unlab_0127.png,Which vertical had the highest revenue?,Manufacturing,bar,max_min,hard,true,train,"hard/unlabeled; procedural gen (seed=777, idx=127); correct-by-construction"
hard_unline_0128__q1,synthetic,gold/images/hard_unline_0128.png,How many signups were there in Nov?,4500,line,lookup_value,hard,true,train,"hard/unlabeled; procedural gen (seed=777, idx=128); correct-by-construction"
hard_unline_0128__q2,synthetic,gold/images/hard_unline_0128.png,In which period were signups lowest?,Aug,line,max_min,hard,true,train,"hard/unlabeled; procedural gen (seed=777, idx=128); correct-by-construction"
hard_tie_0129__q1,synthetic,gold/images/hard_tie_0129.png,Which product sold the most units?,Widget B,bar,max_min,hard,true,train,"hard/near_tie; procedural gen (seed=777, idx=129); correct-by-construction"
hard_tie_0129__q2,synthetic,gold/images/hard_tie_0129.png,Rank the top 3 products by units sold.,"Widget B, Widget D, Widget E",bar,rank_order,hard,true,train,"hard/near_tie; procedural gen (seed=777, idx=129); correct-by-construction"
hard_tie_0129__q3,synthetic,gold/images/hard_tie_0129.png,How many more units did Widget B sell than Widget D?,150,bar,delta_absolute,hard,true,train,"hard/near_tie; procedural gen (seed=777, idx=129); correct-by-construction"
hard_simcol_0130__q1,synthetic,gold/images/hard_simcol_0130.png,What was MEA's revenue in Actual?,$7600,grouped_bar,lookup_value,hard,true,train,"hard/similar_colors; procedural gen (seed=777, idx=130); correct-by-construction"
hard_simcol_0130__q2,synthetic,gold/images/hard_simcol_0130.png,"In Actual, which region had the highest revenue?",NA,grouped_bar,max_min,hard,true,train,"hard/similar_colors; procedural gen (seed=777, idx=130); correct-by-construction"
hard_many_0131__q1,synthetic,gold/images/hard_many_0131.png,Which vertical had the highest revenue?,Finance,bar,max_min,hard,true,train,"hard/many_categories; procedural gen (seed=777, idx=131); correct-by-construction"
hard_many_0131__q2,synthetic,gold/images/hard_many_0131.png,Rank the top 3 verticals by revenue.,"Finance, Utilities, Manufacturing",bar,rank_order,hard,true,train,"hard/many_categories; procedural gen (seed=777, idx=131); correct-by-construction"
hard_many_0131__q3,synthetic,gold/images/hard_many_0131.png,Which vertical had the lowest revenue?,Logistics,bar,max_min,hard,true,train,"hard/many_categories; procedural gen (seed=777, idx=131); correct-by-construction"
hard_crowd_0132__q1,synthetic,gold/images/hard_crowd_0132.png,"For Education, in which period was revenue highest?",Jul,line,max_min,hard,true,train,"hard/crowded_legend; procedural gen (seed=777, idx=132); correct-by-construction"
hard_crowd_0132__q2,synthetic,gold/images/hard_crowd_0132.png,"For Education, did revenue increase or decrease from Jul to Aug?",Decreased,line,trend_direction,hard,true,train,"hard/crowded_legend; procedural gen (seed=777, idx=132); correct-by-construction"
hard_log_0133__q1,synthetic,gold/images/hard_log_0133.png,Which product sold the most units?,Widget E,bar,max_min,hard,true,train,"hard/log_scale; procedural gen (seed=777, idx=133); correct-by-construction"
hard_log_0133__q2,synthetic,gold/images/hard_log_0133.png,How many more units did Widget E sell than Gizmo X?,74930,bar,delta_absolute,hard,true,train,"hard/log_scale; procedural gen (seed=777, idx=133); correct-by-construction"
hard_dual_0134__q1,synthetic,gold/images/hard_dual_0134.png,What was the conversion rate in Apr?,2.5%,mixed,lookup_value,hard,true,train,"hard/dual_axis; procedural gen (seed=777, idx=134); correct-by-construction"
hard_dual_0134__q2,synthetic,gold/images/hard_dual_0134.png,In which period was the conversion rate highest?,Feb,mixed,max_min,hard,true,train,"hard/dual_axis; procedural gen (seed=777, idx=134); correct-by-construction"
hard_dual_0134__q3,synthetic,gold/images/hard_dual_0134.png,What was the revenue in Apr?,$5900,mixed,lookup_value,hard,true,train,"hard/dual_axis; procedural gen (seed=777, idx=134); correct-by-construction"
